Show ID,Show Title,H1 Ret% Nth TD,H2 Ret% Nth TD,H3 Ret% Nth TD,H4 Ret% Nth TD,H5 Ret% Nth TD,H6 Ret% Nth TD,H7 Ret% Nth TD,H8 Ret% Nth TD,H9 Ret% Nth TD,H10 Ret% Nth TD,H15 Ret% Nth TD,H20 Ret% Nth TD,H30 Ret% Nth TD,H40 Ret% Nth TD,H50 Ret% Nth TD,H60 Ret% Nth TD,H70 Ret% Nth TD,H80 Ret% Nth TD,H90 Ret% Nth TD,H100 Ret% Nth TD,H120 Ret% Nth TD,H140 Ret% Nth TD,H160 Ret% Nth TD,H180 Ret% Nth TD,H200 Ret% Nth TD
a830c3a71510f0594792edb43a5e99b9da02d7e7,Married to a Dying Prince,0.964,0.522,0.478,0.417,0.411,0.390,0.377,0.371,0.357,0.346,0.320,0.259,0.210,0.000,0.000,0.000,0.000,0.000,0.000,0.000,0.000,0.000,0.000,0.000,0.000
01f367b494a414fb7c994e946bddd99820cc7e28,The Dragon Prince’s Favor,0.975,0.561,0.460,0.427,0.385,0.363,0.334,0.362,0.356,0.317,0.238,0.216,0.000,0.000,0.000,0.000,0.000,0.000,0.000,0.000,0.000,0.000,0.000,0.000,0.000
026a120c807e0094812e891c9140a3fd3d0f1d48,Vintage Heart,0.953,0.551,0.494,0.460,0.426,0.401,0.380,0.356,0.336,0.320,0.281,0.222,0.162,0.113,0.061,0.032,0.000,0.000,0.000,0.000,0.000,0.000,0.000,0.000,0.000
03488a9bdecaf176a7a11138160e470f361ce803,Reborn to Be His Wife,0.969,0.494,0.433,0.366,0.323,0.296,0.266,0.244,0.228,0.211,0.177,0.154,0.096,0.082,0.064,0.050,0.000,0.000,0.000,0.000,0.000,0.000,0.000,0.000,0.000
0433315d89000a02178e5d4fb75f31de3d906cff,Billionaire Secret Babies,0.898,0.519,0.419,0.382,0.376,0.344,0.320,0.293,0.281,0.267,0.223,0.169,0.120,0.000,0.000,0.000,0.000,0.000,0.000,0.000,0.000,0.000,0.000,0.000,0.000
048b7efb083246fe7c75b60c3bccf0e015f15e03,Veterinarian Beast Master,0.974,0.534,0.464,0.429,0.408,0.385,0.363,0.328,0.327,0.316,0.204,0.128,0.059,0.000,0.000,0.000,0.000,0.000,0.000,0.000,0.000,0.000,0.000,0.000,0.000
05808ad9143ee75794133fd50497137fea47e57b,Infinity Stars,0.934,0.637,0.602,0.581,0.565,0.548,0.525,0.513,0.504,0.497,0.485,0.423,0.341,0.246,0.155,0.190,0.000,0.000,0.000,0.000,0.000,0.000,0.000,0.000,0.000
06f83c7bf7296efe61da1c2da6e5c12e8e7d4aa8,Sigil of the Seven,0.923,0.581,0.508,0.479,0.450,0.432,0.416,0.407,0.399,0.395,0.375,0.342,0.260,0.203,0.164,0.097,0.077,0.070,0.080,0.080,0.000,0.000,0.000,0.000,0.000
0b07b41ff930aa13e98588f626eef70da51bb47e,Debtbound Between Worlds,0.961,0.608,0.565,0.530,0.495,0.475,0.458,0.437,0.412,0.403,0.354,0.257,0.152,0.000,0.000,0.000,0.000,0.000,0.000,0.000,0.000,0.000,0.000,0.000,0.000
0c7fa1a2b4bca0746ad0384d77796b98dd7d801c,Flash Marriage to My Ex’s Boss,0.904,0.437,0.378,0.352,0.333,0.300,0.277,0.267,0.263,0.248,0.201,0.139,0.107,0.087,0.000,0.000,0.000,0.000,0.000,0.000,0.000,0.000,0.000,0.000,0.000
0db57923d2182ad47e7480030a03e05da109b1bf,The Ceo's Borrowed Beauty,0.966,0.531,0.476,0.428,0.406,0.380,0.350,0.313,0.292,0.286,0.233,0.167,0.127,0.106,0.000,0.000,0.000,0.000,0.000,0.000,0.000,0.000,0.000,0.000,0.000
0f3d56fd651e66eb62e990fd31d006aa80eaab5f,The Forsaken Tamer,0.989,0.646,0.592,0.507,0.444,0.357,0.315,0.273,0.250,0.231,0.164,0.114,0.038,0.024,0.000,0.000,0.000,0.000,0.000,0.000,0.000,0.000,0.000,0.000,0.000
0fadc6da7c4d814463023dc7ffd8be44c68fa457,From Ceo to Young Lord,0.952,0.689,0.654,0.653,0.612,0.583,0.571,0.543,0.522,0.514,0.459,0.320,0.233,0.146,0.100,0.000,0.000,0.000,0.000,0.000,0.000,0.000,0.000,0.000,0.000
10008634025aa01f8c7562cfe9ff83956feb993b,"You Left Me, Remember?",Not found,,,,,,,,,,,,,,,,,,,,,,,,
114fed9f0540f90ccc58d03a383c7c69260baeae,Mother's Murder & Secrets,0.982,0.396,0.319,0.264,0.226,0.207,0.183,0.173,0.158,0.151,0.112,0.081,0.058,0.042,0.026,0.017,0.010,0.022,0.000,0.000,0.000,0.000,0.000,0.000,0.000
123964565c4c79c7f1a3737171a0125020300913,My Alien Boxing System,0.984,0.618,0.579,0.514,0.470,0.415,0.369,0.360,0.343,0.301,0.241,0.164,0.109,0.000,0.000,0.000,0.000,0.000,0.000,0.000,0.000,0.000,0.000,0.000,0.000
158669d764d53a995f111683b8700642d7c4847c,The Silent Wife Strikes,0.962,0.640,0.581,0.517,0.485,0.454,0.431,0.399,0.395,0.368,0.265,0.184,0.148,0.035,0.000,0.000,0.000,0.000,0.000,0.000,0.000,0.000,0.000,0.000,0.000
f16d45e2702863e71bf480a3e2490ded19c4cbd9,Supreme Sword Cultivator,0.962,0.595,0.559,0.533,0.506,0.495,0.487,0.475,0.461,0.448,0.398,0.335,0.271,0.232,0.190,0.100,0.035,0.000,0.000,0.000,0.000,0.000,0.000,0.000,0.000
2330363a8e32c8e1a2c70778cd8d43a0e9c51929,Apex Sovereign,Not found,,,,,,,,,,,,,,,,,,,,,,,,
1a5df306886a7b0e7736ec2c8efad3467507a1c6,Billionaire Bentley’s Runaway Princess,0.937,0.456,0.405,0.381,0.363,0.341,0.329,0.315,0.295,0.298,0.241,0.199,0.171,0.000,0.000,0.000,0.000,0.000,0.000,0.000,0.000,0.000,0.000,0.000,0.000
1b5acb214bfe00156d933b176eef6987dcf9aa8c,The Night Forgotten by Us,0.944,0.579,0.535,0.495,0.481,0.469,0.445,0.413,0.399,0.396,0.370,0.276,0.204,0.000,0.000,0.000,0.000,0.000,0.000,0.000,0.000,0.000,0.000,0.000,0.000
1b7d7de6c90d2460cfe3da014469e3c056fec830,The Ceo's Secret Babies,0.900,0.561,0.490,0.507,0.492,0.439,0.407,0.384,0.383,0.405,0.285,0.237,0.103,0.034,0.024,0.000,0.000,0.000,0.000,0.000,0.000,0.000,0.000,0.000,0.000
1c56eb2cce6609cb207d235ae3464f7759d4cb84,Rage of the Heiress,0.935,0.574,0.551,0.527,0.521,0.511,0.496,0.485,0.476,0.470,0.482,0.379,0.288,0.242,0.219,0.191,0.155,0.129,0.123,0.000,0.000,0.000,0.000,0.000,0.000
1ca4f3c3b8e200f37ec14ed7a11442df6a65f4e6,Unstoppable Cultivator,0.971,0.435,0.371,0.329,0.312,0.282,0.266,0.259,0.243,0.228,0.206,0.084,0.088,0.231,0.000,0.000,0.000,0.000,0.000,0.000,0.000,0.000,0.000,0.000,0.000
1d8b1f39e146ede1f7528763445a7a47aad10b05,Love and Heartbroken,0.974,0.531,0.492,0.434,0.397,0.355,0.332,0.299,0.269,0.231,0.148,0.082,0.043,0.018,0.009,0.000,0.000,0.000,0.000,0.000,0.000,0.000,0.000,0.000,0.000
1e2b4197fd4a9f595c560bc8d4530339758b031a,Becoming Garrison Green,0.953,0.579,0.552,0.524,0.491,0.474,0.447,0.423,0.410,0.398,0.357,0.272,0.172,0.186,0.000,0.000,0.000,0.000,0.000,0.000,0.000,0.000,0.000,0.000,0.000
1f78098e196cc2154bbadfe054e0bdd13c10fa60,The Marriage Timer,0.961,0.541,0.451,0.401,0.377,0.352,0.334,0.330,0.321,0.299,0.280,0.173,0.097,0.000,0.000,0.000,0.000,0.000,0.000,0.000,0.000,0.000,0.000,0.000,0.000
003c0c0b3759df17ce3f0b5feeeed123024f274d,The Invictus Mage Returns,0.975,0.714,0.670,0.620,0.567,0.534,0.513,0.499,0.479,0.465,0.387,0.263,0.110,0.000,0.000,0.000,0.000,0.000,0.000,0.000,0.000,0.000,0.000,0.000,0.000
19153cd9dd2e137f1311235c9104db0ecba38abb,My Apex Trading System,0.984,0.580,0.489,0.459,0.433,0.426,0.405,0.402,0.375,0.354,0.274,0.333,0.000,0.000,0.000,0.000,0.000,0.000,0.000,0.000,0.000,0.000,0.000,0.000,0.000
215d4622bad0b1fca5cb36bca9f92b3c41d21f7e,Aiden's Regression,0.970,0.602,0.555,0.529,0.504,0.485,0.471,0.452,0.431,0.415,0.393,0.309,0.000,0.000,0.000,0.000,0.000,0.000,0.000,0.000,0.000,0.000,0.000,0.000,0.000
23200139c53ab123429a0f621a7519272bf21ea7,The Fae Lycan Abomination,0.978,0.485,0.388,0.352,0.313,0.290,0.234,0.226,0.218,0.198,0.156,0.126,0.000,0.000,0.000,0.000,0.000,0.000,0.000,0.000,0.000,0.000,0.000,0.000,0.000
29ff46031b082aacc3730dd7d6f62ddc8a2a7c34,Marry Me if You Dare,Not found,,,,,,,,,,,,,,,,,,,,,,,,
4056d8e031445adbb80d52b1fd723609be585a3b,Only Boy on the Bus,0.975,0.630,0.532,0.493,0.464,0.440,0.402,0.387,0.384,0.376,0.363,0.291,0.081,0.000,0.000,0.000,0.000,0.000,0.000,0.000,0.000,0.000,0.000,0.000,0.000
247dcedeaecc161909c6ddd57b599f4e38d758d8,A Christmas of Betrayals,0.961,0.611,0.552,0.497,0.446,0.424,0.396,0.327,0.311,0.305,0.247,0.141,0.097,0.000,0.000,0.000,0.000,0.000,0.000,0.000,0.000,0.000,0.000,0.000,0.000
248aae390e84177edc04ecc06fac6c17aed375ff,Silver Onyx: Dragonbound,0.962,0.590,0.536,0.502,0.485,0.462,0.441,0.422,0.407,0.391,0.455,0.425,0.000,0.000,0.000,0.000,0.000,0.000,0.000,0.000,0.000,0.000,0.000,0.000,0.000
248ba0ec55862a22dd7993c8b49d5f052ce03954,The Silent Sovereign,0.973,0.739,0.671,0.614,0.576,0.539,0.483,0.432,0.414,0.391,0.327,0.185,0.167,0.000,0.000,0.000,0.000,0.000,0.000,0.000,0.000,0.000,0.000,0.000,0.000
256420b150a08ae24e418a9316db10d1c7142a09,Monarch of Spirits,Not found,,,,,,,,,,,,,,,,,,,,,,,,
2969766ce2d0cd5c21da961666ea357622d5d073,The Magical Mystic Master,0.981,0.530,0.396,0.344,0.291,0.262,0.238,0.221,0.209,0.201,0.161,0.102,0.105,0.078,0.009,0.000,0.000,0.000,0.000,0.000,0.000,0.000,0.000,0.000,0.000
29b6547143fa9e79e6e0d3e0463e7b79ac00c7fd,"Love, Revenge & My Past",0.970,0.419,0.382,0.365,0.339,0.310,0.294,0.277,0.263,0.251,0.177,0.122,0.073,0.058,0.077,0.000,0.000,0.000,0.000,0.000,0.000,0.000,0.000,0.000,0.000
41afeacb4e481e249d618ae39936f1173864e026,Disguised Successor,0.952,0.649,0.578,0.535,0.512,0.483,0.446,0.436,0.408,0.380,0.316,0.215,0.130,0.058,0.000,0.000,0.000,0.000,0.000,0.000,0.000,0.000,0.000,0.000,0.000
2b967281ca19c941aa99d03c959adaf6349da9b3,The Unlikely Heiress,0.939,0.460,0.431,0.406,0.389,0.373,0.355,0.341,0.331,0.328,0.292,0.235,0.157,0.140,0.112,0.079,0.014,0.000,0.000,0.000,0.000,0.000,0.000,0.000,0.000
2fb79ac2c90574002aaeec2f842f6693eb8ff7c2,Dear Boss,0.975,0.542,0.471,0.432,0.415,0.376,0.359,0.342,0.325,0.328,0.292,0.219,0.000,0.000,0.000,0.000,0.000,0.000,0.000,0.000,0.000,0.000,0.000,0.000,0.000
30866601e41c26c62f0af67fb231a8933c2db150,His Superior Evolution,Not found,,,,,,,,,,,,,,,,,,,,,,,,
31b86ee5ffeadf52fab3148c3add083a2f90b442,Enchanted by Blood,0.975,0.325,0.262,0.218,0.188,0.160,0.147,0.119,0.127,0.091,0.118,0.118,0.097,0.000,0.000,0.000,0.000,0.000,0.000,0.000,0.000,0.000,0.000,0.000,0.000
31e58f7ec421b1daaed1f4ac654ecd9eb855bc93,The Forsaken Path,0.982,0.495,0.440,0.378,0.358,0.343,0.323,0.309,0.296,0.262,0.202,0.142,0.082,0.600,0.000,0.000,0.000,0.000,0.000,0.000,0.000,0.000,0.000,0.000,0.000
328a6c95d732271bc4717aa2abf3a7c15f89a25e,Braving the Rapid Waters,0.972,0.501,0.429,0.406,0.376,0.366,0.346,0.329,0.318,0.296,0.217,0.122,0.069,0.027,0.000,0.000,0.000,0.000,0.000,0.000,0.000,0.000,0.000,0.000,0.000
328d4b017d5db890a886902acdade960088fb3d8,Her Worthless Son-in-Law,0.951,0.711,0.671,0.650,0.600,0.560,0.549,0.521,0.504,0.490,0.392,0.276,0.154,0.000,0.000,0.000,0.000,0.000,0.000,0.000,0.000,0.000,0.000,0.000,0.000
33e8ab0db9ae32917785af78276932f16eac10c0,The Crowns Selection,0.971,0.515,0.459,0.423,0.344,0.318,0.296,0.275,0.252,0.241,0.208,0.182,0.750,0.000,0.000,0.000,0.000,0.000,0.000,0.000,0.000,0.000,0.000,0.000,0.000
344fcbb2ea419c5e240def842cb2949db59acee4,Gate of Immortality,0.981,0.596,0.527,0.471,0.430,0.413,0.347,0.314,0.295,0.299,0.210,0.189,0.050,0.000,0.000,0.000,0.000,0.000,0.000,0.000,0.000,0.000,0.000,0.000,0.000
34f2f307c600eaadeadd185f5681a891034fb635,Complete Deception: Behind a Dark Heart,0.953,0.512,0.407,0.368,0.366,0.325,0.293,0.290,0.296,0.288,0.325,0.191,0.086,0.058,0.034,0.026,0.029,0.013,0.000,0.000,0.000,0.000,0.000,0.000,0.000
37a4619595e440ac361cdc0df4d1bd0a9bd5d60c,The Bloodline Copy System,0.972,0.648,0.594,0.532,0.498,0.465,0.446,0.436,0.418,0.405,0.343,0.250,0.118,0.093,0.100,0.038,0.000,0.000,0.000,0.000,0.000,0.000,0.000,0.000,0.000
381f2f23cfe6043e04a4a705bfde2d0832cb6847,The Personal Maid,0.934,0.467,0.333,0.322,0.311,0.283,0.239,0.201,0.168,0.162,0.173,0.112,0.035,0.000,0.000,0.000,0.000,0.000,0.000,0.000,0.000,0.000,0.000,0.000,0.000
39a130b92297508b4e5ebb175951e42c0d120f7b,True Heir's Mission,Not found,,,,,,,,,,,,,,,,,,,,,,,,
3c57dd9bd6f929bdb36d8716aa9f261a72778e24,Resurrected as a Secret Billionaire Liam Carson,0.892,0.425,0.378,0.355,0.338,0.326,0.321,0.314,0.307,0.302,0.287,0.253,0.205,0.177,0.145,0.125,0.114,0.117,0.103,0.088,0.044,0.027,0.033,0.000,0.000
4010f733ac400156fd9f4d75852b8ebdeabe1689,My CEO Husband's Secret,0.945,0.640,0.573,0.537,0.505,0.476,0.457,0.429,0.409,0.388,0.342,0.315,0.245,0.229,0.190,0.099,0.040,0.000,0.000,0.000,0.000,0.000,0.000,0.000,0.000
646112abf2d6a5c232155a853f029ad1737b504e,Gatebreak,0.940,0.627,0.582,0.551,0.532,0.521,0.508,0.504,0.495,0.492,0.432,0.320,0.226,0.165,0.128,0.101,0.000,0.000,0.000,0.000,0.000,0.000,0.000,0.000,0.000
40e06046d3679811f910f8beed9306369f59c60e,Lycan Unity Academy,0.968,0.519,0.459,0.423,0.386,0.370,0.360,0.337,0.316,0.303,0.261,0.203,0.122,0.169,0.000,0.000,0.000,0.000,0.000,0.000,0.000,0.000,0.000,0.000,0.000
6f82cdfa2792a89aec9172918610c124246ad8bd,Hector's Rise to Power,0.962,0.686,0.564,0.528,0.459,0.436,0.395,0.359,0.324,0.301,0.239,0.169,0.106,0.000,0.000,0.000,0.000,0.000,0.000,0.000,0.000,0.000,0.000,0.000,0.000
41fe3152f98c34f655d93ac2fc85bf506eac3371,Owen & Liam,0.946,0.421,0.337,0.298,0.271,0.257,0.236,0.225,0.214,0.205,0.179,0.160,0.131,0.104,0.087,0.074,0.065,0.057,0.046,0.037,0.026,0.043,0.000,0.000,0.000
424b450dc35cc4bf4fc088069830e978aa97884a,The Alpha's Witch,0.981,0.585,0.517,0.455,0.419,0.395,0.380,0.373,0.364,0.345,0.213,0.180,0.154,0.212,0.000,0.000,0.000,0.000,0.000,0.000,0.000,0.000,0.000,0.000,0.000
42515091e7b47b7b2d2381d7512fdb9f9866aa1e,The Tomboy Love Story,0.963,0.541,0.462,0.420,0.395,0.378,0.366,0.356,0.348,0.341,0.312,0.233,0.161,0.126,0.148,0.000,0.000,0.000,0.000,0.000,0.000,0.000,0.000,0.000,0.000
4335258b71733375cbccc0fbf7ce0bf0975b095d,Alex & the Prison System,0.955,0.697,0.641,0.622,0.596,0.587,0.579,0.570,0.555,0.533,0.432,0.311,0.248,0.225,0.111,0.000,0.000,0.000,0.000,0.000,0.000,0.000,0.000,0.000,0.000
43de49339ed40a2c4d8acef5644870ce292f541e,Second Chances: Reborn to Be a CEO’s Wife,0.926,0.614,0.547,0.486,0.451,0.412,0.389,0.366,0.331,0.307,0.274,0.145,0.034,0.000,0.000,0.000,0.000,0.000,0.000,0.000,0.000,0.000,0.000,0.000,0.000
442d4dce8ca376c2bb4438209980daa53b761b51,Rejected and Craved,0.970,0.631,0.593,0.578,0.557,0.519,0.501,0.486,0.492,0.469,0.396,0.259,0.076,0.000,0.000,0.000,0.000,0.000,0.000,0.000,0.000,0.000,0.000,0.000,0.000
446d5769edafce0d5daf04c6cfc40515f289004f,The Cloaked Mogul,0.913,0.453,0.410,0.388,0.370,0.361,0.348,0.340,0.335,0.328,0.304,0.267,0.202,0.133,0.117,0.108,0.092,0.082,0.046,0.000,0.000,0.000,0.000,0.000,0.000
44f5a6fb4876567a5eec3722df1d0a3d436d8bdf,Alpha Kyros,0.959,0.592,0.542,0.518,0.501,0.483,0.472,0.461,0.447,0.430,0.380,0.317,0.182,0.060,0.000,0.000,0.000,0.000,0.000,0.000,0.000,0.000,0.000,0.000,0.000
462b561ac0c6d238fc5ed6d8ce632a9e6a2152d9,My Billionaire System,0.980,0.632,0.543,0.475,0.417,0.373,0.328,0.303,0.289,0.252,0.212,0.249,0.000,0.000,0.000,0.000,0.000,0.000,0.000,0.000,0.000,0.000,0.000,0.000,0.000
46b27558432dbda1475a912729ae1e1dee8ac6fa,Secrets of Thunder Eyes,0.965,0.321,0.240,0.225,0.196,0.177,0.149,0.137,0.130,0.164,0.157,0.133,0.042,0.032,0.021,0.023,0.038,0.027,0.029,0.000,0.000,0.000,0.000,0.000,0.000
48b422f2dbf0dc909fde9fadad832fde3d20f4a4,Bride of the Ice Ceo,0.962,0.673,0.619,0.590,0.556,0.531,0.504,0.494,0.477,0.430,0.377,0.306,0.183,0.134,0.000,0.000,0.000,0.000,0.000,0.000,0.000,0.000,0.000,0.000,0.000
4a310051c4c56c2fab46c3a7f528a09901399ecd,Strongest Warlock,0.925,0.485,0.438,0.408,0.388,0.374,0.359,0.349,0.340,0.333,0.307,0.272,0.217,0.185,0.158,0.140,0.128,0.118,0.109,0.094,0.066,0.009,0.000,0.000,0.000
4b2d918a2f639175cf29754151e058356b36f273,Surviving Zombies Rising,0.977,0.477,0.368,0.317,0.295,0.278,0.265,0.243,0.236,0.217,0.183,0.143,0.086,0.000,0.000,0.000,0.000,0.000,0.000,0.000,0.000,0.000,0.000,0.000,0.000
4d01d84cdfff217f33b380cdb07a2a1c706749ea,The Fifth Bride,0.914,0.484,0.405,0.373,0.362,0.351,0.330,0.305,0.312,0.276,0.241,0.187,0.073,0.000,0.000,0.000,0.000,0.000,0.000,0.000,0.000,0.000,0.000,0.000,0.000
4d887dec2a071a00150fdcd6417f16bcaf5f02b0,Loving Nathaniel Hawthorne: The Billionaire Playboy,0.917,0.441,0.396,0.371,0.349,0.336,0.322,0.311,0.306,0.302,0.273,0.229,0.174,0.139,0.121,0.112,0.105,0.098,0.091,0.086,0.075,0.062,0.000,0.000,0.000
4e3bbfc86993cf8c574bdebca34a49627f4a386a,Our Beloved Villains,0.972,0.427,0.357,0.294,0.256,0.240,0.220,0.186,0.160,0.141,0.082,0.062,0.029,0.009,0.000,0.000,0.000,0.000,0.000,0.000,0.000,0.000,0.000,0.000,0.000
4e767fe3eae1eb30991fabcb73be16e9925ab124,The Ill-Fated Aristocrat,0.951,0.525,0.480,0.432,0.402,0.379,0.364,0.351,0.333,0.320,0.299,0.240,0.171,0.104,0.064,0.125,0.000,0.000,0.000,0.000,0.000,0.000,0.000,0.000,0.000
4e82e5be987e78daa5bb2bb67006b68256170925,Machine Invasion,0.963,0.577,0.531,0.496,0.479,0.450,0.434,0.405,0.397,0.388,0.352,0.277,0.233,0.000,0.000,0.000,0.000,0.000,0.000,0.000,0.000,0.000,0.000,0.000,0.000
4e8fc1ec90ca0e70f873bdd45aea984fc56b5c89,Billionaire's Legacy,0.980,0.488,0.418,0.359,0.308,0.285,0.269,0.258,0.245,0.194,0.174,0.124,0.061,0.000,0.000,0.000,0.000,0.000,0.000,0.000,0.000,0.000,0.000,0.000,0.000
4fed71af64877bcaf79252f171bf022a3b80e926,Doomsday Hoarder,0.957,0.642,0.610,0.577,0.568,0.568,0.535,0.487,0.447,0.427,0.342,0.336,0.212,0.000,0.000,0.000,0.000,0.000,0.000,0.000,0.000,0.000,0.000,0.000,0.000
514efd834428337923e640a1254ea9d7477b18b3,Bride of a Dragon,0.954,0.600,0.559,0.490,0.452,0.420,0.411,0.398,0.392,0.385,0.343,0.325,0.293,0.254,0.207,0.146,0.000,0.000,0.000,0.000,0.000,0.000,0.000,0.000,0.000
5269f35d5665dd7c25aa81eac9fa9e452b693897,Her Royal Vampire,0.960,0.591,0.533,0.493,0.464,0.442,0.429,0.420,0.410,0.392,0.342,0.263,0.172,0.096,0.054,0.043,0.000,0.000,0.000,0.000,0.000,0.000,0.000,0.000,0.000
5276da779c8fe48836102d34eea2143d4421865c,The Single Father's Surrender,0.962,0.637,0.545,0.495,0.477,0.458,0.437,0.419,0.390,0.392,0.343,0.233,0.140,0.051,0.020,0.000,0.000,0.000,0.000,0.000,0.000,0.000,0.000,0.000,0.000
54a2cb963cd2e93491b9f03d9cf379ed72d3271f,The One He Can't Break,0.963,0.569,0.490,0.436,0.406,0.367,0.359,0.321,0.324,0.293,0.225,0.127,0.088,0.079,0.044,0.067,0.000,0.000,0.000,0.000,0.000,0.000,0.000,0.000,0.000
55254a77c40862bb825ededf69a85438157d664f,The Billionaire With Mask,0.951,0.575,0.500,0.459,0.422,0.402,0.387,0.376,0.366,0.356,0.317,0.290,0.210,0.151,0.142,0.000,0.000,0.000,0.000,0.000,0.000,0.000,0.000,0.000,0.000
559db21e99cf5bc0720a814784386a0617e020b9,The Reborn Sovereign,0.956,0.664,0.631,0.611,0.588,0.564,0.550,0.538,0.527,0.522,0.461,0.371,0.289,0.238,0.174,0.000,0.000,0.000,0.000,0.000,0.000,0.000,0.000,0.000,0.000
562f725dcc83392df0b3d429b6d1ff538f81e71b,Their Contracted Hearts,0.956,0.595,0.603,0.562,0.555,0.498,0.461,0.475,0.441,0.416,0.312,0.172,0.166,0.135,0.048,0.000,0.000,0.000,0.000,0.000,0.000,0.000,0.000,0.000,0.000
563eb6112cadf5d7f47b41c4ced01a423c754bfa,The Beast Master Returns,Not found,,,,,,,,,,,,,,,,,,,,,,,,
56fd2f13dbccca0c55f9b02f7334d302737ec3df,Heaven-Shaking Doctor,0.985,0.585,0.469,0.393,0.330,0.288,0.259,0.222,0.196,0.178,0.128,0.072,0.000,0.000,0.000,0.000,0.000,0.000,0.000,0.000,0.000,0.000,0.000,0.000,0.000
5710ee62e2cd01947d8f11e6bcaaa653fd1281b2,The Greatest Son-in-Law,0.973,0.542,0.430,0.369,0.323,0.288,0.267,0.262,0.243,0.227,0.193,0.163,0.000,0.000,0.000,0.000,0.000,0.000,0.000,0.000,0.000,0.000,0.000,0.000,0.000
57ebfa5b58a3257a521a5b9c12c5af19771e4403,Unmasking the Bride,0.739,0.359,0.318,0.291,0.276,0.255,0.242,0.228,0.216,0.216,0.194,0.122,0.045,0.000,0.000,0.000,0.000,0.000,0.000,0.000,0.000,0.000,0.000,0.000,0.000
5843f25ac24c8ba34301e2cfe9e73ddc0bfd8fc7,The Fire Reborn Xavier,0.977,0.500,0.423,0.370,0.338,0.307,0.282,0.267,0.244,0.243,0.173,0.162,0.099,0.102,0.048,0.000,0.000,0.000,0.000,0.000,0.000,0.000,0.000,0.000,0.000
5bfad7a72f5002e15835d48563d397c26bb68ad2,Engineer From Modern Era,Not found,,,,,,,,,,,,,,,,,,,,,,,,
5c0a4a3bda3c16a4ed94c8945bade52e165a2848,Bound to Reclusive Alpha,0.975,0.516,0.442,0.401,0.372,0.342,0.316,0.297,0.257,0.228,0.191,0.138,0.026,0.032,0.067,0.000,0.000,0.000,0.000,0.000,0.000,0.000,0.000,0.000,0.000
5cf4b46f18d6bb7294440595874ef70922a2b9a3,Alabama Royal,0.982,0.482,0.424,0.399,0.373,0.341,0.318,0.304,0.290,0.270,0.222,0.196,0.135,0.000,0.000,0.000,0.000,0.000,0.000,0.000,0.000,0.000,0.000,0.000,0.000
5d4e7e8696e74e383e0ea0e4f4f535ba9758496a,Who Fathered My Twins,0.946,0.652,0.589,0.562,0.522,0.533,0.505,0.495,0.486,0.447,0.367,0.248,0.113,0.105,0.000,0.000,0.000,0.000,0.000,0.000,0.000,0.000,0.000,0.000,0.000
826aadef633a3b055e0d45f11d1d83077dd4ec5a,A Cursed Alpha,Not found,,,,,,,,,,,,,,,,,,,,,,,,
616431aa030a50bfb34a59a1919f5a8db0c29017,She Came Back Fabulous,0.964,0.559,0.505,0.459,0.428,0.393,0.379,0.318,0.276,0.284,0.276,0.289,0.000,0.000,0.000,0.000,0.000,0.000,0.000,0.000,0.000,0.000,0.000,0.000,0.000
6214ecac2801afde28aa63c555faf06203321c85,Love Behind the Screen,0.949,0.546,0.479,0.458,0.422,0.405,0.383,0.366,0.353,0.343,0.319,0.211,0.124,0.095,0.068,0.000,0.000,0.000,0.000,0.000,0.000,0.000,0.000,0.000,0.000
6346e154f10078de4f17cbc6268066519b02789f,Doctor Young,0.950,0.465,0.377,0.339,0.295,0.292,0.261,0.245,0.225,0.215,0.195,0.157,0.113,0.072,0.000,0.000,0.000,0.000,0.000,0.000,0.000,0.000,0.000,0.000,0.000
91df72ab8ef7c2a2797ba2a98264b6e4037cebc4,The Upgrade Gamer,0.985,0.672,0.577,0.515,0.477,0.441,0.410,0.386,0.351,0.346,0.271,0.220,0.000,0.000,0.000,0.000,0.000,0.000,0.000,0.000,0.000,0.000,0.000,0.000,0.000
66e5597d741c6d87c2bc8e35ec83065242c0e34d,Sky Lord,0.965,0.640,0.585,0.567,0.527,0.499,0.466,0.442,0.423,0.389,0.311,0.333,0.000,0.000,0.000,0.000,0.000,0.000,0.000,0.000,0.000,0.000,0.000,0.000,0.000
69e2eb3772b49e749fed57ae96a86147dde154cb,The Alpha She Chose,0.950,0.575,0.526,0.491,0.473,0.457,0.427,0.412,0.396,0.383,0.349,0.282,0.233,0.188,0.136,0.000,0.000,0.000,0.000,0.000,0.000,0.000,0.000,0.000,0.000
6c13ac0e01a86e60a2d75bbcee5bb8f9be472700,Fated to You,0.745,0.433,0.407,0.391,0.351,0.331,0.298,0.269,0.232,0.236,0.158,0.137,0.059,0.025,0.023,0.018,0.013,0.015,0.011,0.007,0.003,0.015,0.018,0.000,0.000
6e9cd8b5ce597e73f12a6a180c18888a89f8aac3,Sovereign Retribution,0.932,0.701,0.663,0.638,0.614,0.599,0.584,0.562,0.544,0.535,0.467,0.360,0.255,0.288,0.222,0.000,0.000,0.000,0.000,0.000,0.000,0.000,0.000,0.000,0.000
964c4dbd3e851f0d215e0fc68b9c364303676665,The Governor's Wife,0.953,0.680,0.642,0.611,0.569,0.508,0.451,0.423,0.381,0.321,0.224,0.155,0.000,0.000,0.000,0.000,0.000,0.000,0.000,0.000,0.000,0.000,0.000,0.000,0.000
6f907f1e2ab28d03dcc8246bf380f11b97d00c06,CEO Inherited Bride,0.973,0.670,0.608,0.589,0.560,0.512,0.492,0.455,0.448,0.440,0.323,0.256,0.171,0.095,0.050,0.066,0.000,0.000,0.000,0.000,0.000,0.000,0.000,0.000,0.000
71bfacd374965f4c980894477e36ea695b41c609,Bride Who Didn't Want Him,0.971,0.563,0.490,0.436,0.415,0.389,0.362,0.349,0.341,0.332,0.299,0.232,0.127,0.000,0.000,0.000,0.000,0.000,0.000,0.000,0.000,0.000,0.000,0.000,0.000
730a3d0d6b094f151aed0a3dff6794a1d2fedee3,Her Beauty Is Reborn,0.928,0.484,0.432,0.395,0.373,0.354,0.340,0.327,0.319,0.312,0.286,0.247,0.208,0.172,0.156,0.141,0.135,0.122,0.104,0.088,0.028,0.000,0.000,0.000,0.000
7315dca13e406894d8407cd6d050c5d3b69eec10,The Uncle Who Chose Me,0.975,0.626,0.525,0.479,0.437,0.401,0.376,0.358,0.347,0.322,0.262,0.173,0.083,0.000,0.000,0.000,0.000,0.000,0.000,0.000,0.000,0.000,0.000,0.000,0.000
749524eadbd429949b1a44242bd8fb3559f3626c,Monarch of His Shadows,0.975,0.650,0.607,0.555,0.508,0.480,0.455,0.422,0.400,0.386,0.282,0.153,0.000,0.000,0.000,0.000,0.000,0.000,0.000,0.000,0.000,0.000,0.000,0.000,0.000
75537e31c1c79bdbb6ca1cd286c8e6bcb2697a51,The Story of the CEO and the Heiress,0.907,0.458,0.399,0.370,0.345,0.332,0.319,0.313,0.302,0.294,0.288,0.255,0.211,0.176,0.156,0.117,0.099,0.078,0.057,0.000,0.000,0.000,0.000,0.000,0.000
767e135d338072c6a947db01691ead3f3174c6e1,The Hidden Heir Returns,0.845,0.399,0.365,0.332,0.310,0.288,0.280,0.265,0.253,0.240,0.207,0.182,0.143,0.110,0.088,0.071,0.062,0.055,0.050,0.049,0.040,0.034,0.024,0.015,0.000
778663539ccabc8ee781b66d2bf6ff6a7f527163,The Lazuras Engine System,0.953,0.630,0.511,0.473,0.443,0.415,0.380,0.365,0.340,0.322,0.196,0.174,0.136,0.034,0.063,0.000,0.000,0.000,0.000,0.000,0.000,0.000,0.000,0.000,0.000
7c9e3c835e58a5ec8e21381910eaaf785ea5ddfc,I Do ... Or Do I?,0.945,0.583,0.548,0.526,0.510,0.490,0.458,0.432,0.409,0.396,0.335,0.189,0.090,0.000,0.000,0.000,0.000,0.000,0.000,0.000,0.000,0.000,0.000,0.000,0.000
7dcd0d4c632448440b17285c811990532a31efec,The Scentless Luna,0.975,0.611,0.533,0.463,0.425,0.401,0.377,0.357,0.341,0.318,0.243,0.155,0.090,0.036,0.000,0.000,0.000,0.000,0.000,0.000,0.000,0.000,0.000,0.000,0.000
7fb3b080b1ad8976195f7a18e1df497bc23037fa,The Ghostwalker,0.981,0.446,0.355,0.310,0.283,0.249,0.226,0.208,0.189,0.174,0.129,0.088,0.000,0.000,0.000,0.000,0.000,0.000,0.000,0.000,0.000,0.000,0.000,0.000,0.000
7fd747e6520471a8653824ad1a2ba2ad33b91835,Evolution Online,0.973,0.615,0.451,0.430,0.386,0.359,0.328,0.310,0.287,0.260,0.205,0.170,0.126,0.000,0.000,0.000,0.000,0.000,0.000,0.000,0.000,0.000,0.000,0.000,0.000
80e6be6f7d165552c60a2fc7cbf39746d2ab2466,Marked by Him: True Mate,0.964,0.606,0.550,0.519,0.496,0.473,0.450,0.445,0.434,0.426,0.399,0.324,0.191,0.069,0.000,0.000,0.000,0.000,0.000,0.000,0.000,0.000,0.000,0.000,0.000
820e3a2951adfcd3997c3ea5696cb62bc975f0a0,The Return of Master,0.962,0.697,0.632,0.541,0.497,0.449,0.393,0.350,0.333,0.330,0.222,0.155,0.040,0.000,0.000,0.000,0.000,0.000,0.000,0.000,0.000,0.000,0.000,0.000,0.000
b4357a596922bd37b47ec2573cd92ac18997c713,Immortal Ascension,0.980,0.503,0.420,0.390,0.366,0.332,0.306,0.274,0.256,0.245,0.182,0.099,0.053,0.067,0.000,0.000,0.000,0.000,0.000,0.000,0.000,0.000,0.000,0.000,0.000
82ff8ba01d1e1fbcea7c734b687b1a9ff858733d,Twin Realms Traveler,1.000,0.333,0.272,0.272,0.238,0.200,0.188,0.175,0.175,0.165,0.127,0.118,0.110,0.106,0.125,0.143,0.250,0.000,0.000,0.000,0.000,0.000,0.000,0.000,0.000
acea178e8225670bb43badbe7ed31feca36a06b3,The Ghostwriter's Revenge,Not found,,,,,,,,,,,,,,,,,,,,,,,,
84289ce4a2b527c3aa47651760eaff877da6adad,Contracted by Love,0.977,0.532,0.494,0.458,0.426,0.394,0.363,0.330,0.307,0.300,0.158,0.181,0.111,0.000,0.000,0.000,0.000,0.000,0.000,0.000,0.000,0.000,0.000,0.000,0.000
b7e62e1ec65efcef334c2161afd00edf7b5a2b09,Thrones and Passion,0.980,0.439,0.367,0.342,0.324,0.306,0.294,0.270,0.252,0.235,0.204,0.198,0.120,0.000,0.000,0.000,0.000,0.000,0.000,0.000,0.000,0.000,0.000,0.000,0.000
8b0fd7aa03d26e2de1586a0fe7c91505431575cc,The Midnight Luna,0.971,0.637,0.570,0.528,0.497,0.483,0.469,0.440,0.420,0.405,0.362,0.375,0.000,0.000,0.000,0.000,0.000,0.000,0.000,0.000,0.000,0.000,0.000,0.000,0.000
8bcd1b852cfa9d73ac3583317066946ad2b0abf7,Heir to Draconic Dominion,0.959,0.609,0.558,0.534,0.515,0.506,0.491,0.474,0.451,0.436,0.411,0.339,0.199,0.111,0.000,0.000,0.000,0.000,0.000,0.000,0.000,0.000,0.000,0.000,0.000
fcddd3d14a0e1b1dab1bcb5c11d4aec683fdb598,Rise of Drake Callahan,0.975,0.635,0.565,0.501,0.467,0.444,0.426,0.365,0.332,0.310,0.212,0.233,0.000,0.000,0.000,0.000,0.000,0.000,0.000,0.000,0.000,0.000,0.000,0.000,0.000
8f0fa62650413483426bef0ac7d66ca7627ab11f,The Mind Reader: A Son-in-Law’s Revenge,0.898,0.622,0.516,0.474,0.413,0.382,0.357,0.331,0.325,0.299,0.256,0.183,0.072,0.039,0.000,0.000,0.000,0.000,0.000,0.000,0.000,0.000,0.000,0.000,0.000
8fc0fc1659f3b419e6fa13d9cb59b0e57bfec096,The Exiled Heir,0.932,0.608,0.545,0.513,0.474,0.450,0.423,0.406,0.391,0.378,0.349,0.277,0.193,0.136,0.113,0.068,0.000,0.000,0.000,0.000,0.000,0.000,0.000,0.000,0.000
9187815245dbab381e06e99b89e34db3f811e066,Billionaire's Pursuit,0.935,0.491,0.405,0.336,0.264,0.238,0.222,0.219,0.192,0.171,0.173,0.078,0.061,0.000,0.000,0.000,0.000,0.000,0.000,0.000,0.000,0.000,0.000,0.000,0.000
8824fc43e4267c5a0e2b7acff644eae4b8b2222d,Was It Only Lust?,0.969,0.565,0.491,0.451,0.427,0.427,0.399,0.355,0.331,0.309,0.204,0.121,0.101,0.000,0.000,0.000,0.000,0.000,0.000,0.000,0.000,0.000,0.000,0.000,0.000
9466d55ff09a129f9aa050d53afe476395662f29,Matchless Hero,Not found,,,,,,,,,,,,,,,,,,,,,,,,
94d808231f41a64988f80a2739e6a748f1278c28,My Amazing Husband's Life,0.961,0.562,0.487,0.451,0.407,0.385,0.361,0.343,0.310,0.291,0.249,0.198,0.093,0.000,0.000,0.000,0.000,0.000,0.000,0.000,0.000,0.000,0.000,0.000,0.000
95cfee76565a1eb0481e08f4f0da75fa4a0cdb74,Revenge Called Athena,0.933,0.681,0.630,0.598,0.578,0.561,0.539,0.511,0.500,0.493,0.473,0.358,0.275,0.250,0.333,0.000,0.000,0.000,0.000,0.000,0.000,0.000,0.000,0.000,0.000
8e36a60de34dcee5a96156507eb902741b36cc77,It's Crystal,0.958,0.628,0.585,0.569,0.567,0.545,0.519,0.492,0.468,0.460,0.382,0.276,0.147,0.107,0.000,0.000,0.000,0.000,0.000,0.000,0.000,0.000,0.000,0.000,0.000
96f6721dc499b730f42b02d86e640d682f4f665d,Last Witch of Swendel,0.934,0.495,0.443,0.411,0.383,0.364,0.348,0.335,0.325,0.319,0.296,0.236,0.204,0.166,0.120,0.098,0.073,0.079,0.071,0.000,0.000,0.000,0.000,0.000,0.000
97d2593a35303e42da5da630e9d8848fa086fc93,Spying on My Rebel Alpha,0.968,0.499,0.426,0.388,0.356,0.334,0.318,0.292,0.272,0.261,0.228,0.178,0.152,0.000,0.000,0.000,0.000,0.000,0.000,0.000,0.000,0.000,0.000,0.000,0.000
9897c34ca7143cb319fd56943504e8f8be1550c2,Priced Royal Kiss,0.950,0.544,0.489,0.462,0.435,0.411,0.410,0.406,0.404,0.403,0.327,0.281,0.183,0.143,0.126,0.099,0.049,0.000,0.000,0.000,0.000,0.000,0.000,0.000,0.000
9b25cb8fec3919f6398cf69f6cec44382a44749e,The Immortal's Mark,0.970,0.547,0.465,0.392,0.356,0.328,0.301,0.286,0.272,0.254,0.219,0.169,0.127,0.096,0.064,0.039,0.143,0.000,0.000,0.000,0.000,0.000,0.000,0.000,0.000
9d3f3024e967ac2c104ada98aa10c481cd0f9e38,The Wrong Mrs. Carter,0.948,0.695,0.672,0.631,0.612,0.601,0.561,0.529,0.475,0.465,0.288,0.153,0.073,0.022,0.000,0.000,0.000,0.000,0.000,0.000,0.000,0.000,0.000,0.000,0.000
9f288c1b7bcd6e6181338579ca44a178a5b21573,Vows of Blood & Diamonds,0.972,0.359,0.301,0.284,0.270,0.254,0.235,0.219,0.211,0.192,0.135,0.121,0.057,0.133,0.000,0.000,0.000,0.000,0.000,0.000,0.000,0.000,0.000,0.000,0.000
9f2f7eb4494cd3f0b3326ca18c439378a62c373b,Assassin Actress,Not found,,,,,,,,,,,,,,,,,,,,,,,,
a09fd281233c0dee7a45d32647f68bb0142a3b96,The Comatose Billionaire,0.949,0.613,0.555,0.528,0.510,0.496,0.471,0.428,0.398,0.352,0.295,0.174,0.099,0.054,0.000,0.000,0.000,0.000,0.000,0.000,0.000,0.000,0.000,0.000,0.000
a0f8c5bd5bdb02bdaa499febc39e36611127769b,The Wedding He Stole,0.952,0.675,0.656,0.621,0.570,0.477,0.419,0.406,0.342,0.308,0.224,0.129,0.000,0.000,0.000,0.000,0.000,0.000,0.000,0.000,0.000,0.000,0.000,0.000,0.000
a20d15b2c087672afecf4c46baa7e9368a4cbb9f,Secrets and Bloodline,0.950,0.507,0.464,0.391,0.354,0.300,0.273,0.259,0.348,0.345,0.293,0.247,0.136,0.000,0.000,0.000,0.000,0.000,0.000,0.000,0.000,0.000,0.000,0.000,0.000
a3d40a3745a853e245e802a317e3934318836a28,The Amazing Idiot Man,0.961,0.532,0.465,0.419,0.394,0.370,0.349,0.330,0.321,0.304,0.246,0.175,0.000,0.000,0.000,0.000,0.000,0.000,0.000,0.000,0.000,0.000,0.000,0.000,0.000
a4dd4053a025d38e2c0410dbcf348862c41c4c5b,"Twin Betrayal, Enemy Love",0.949,0.562,0.487,0.464,0.448,0.408,0.382,0.361,0.337,0.306,0.269,0.222,0.181,0.114,0.063,0.000,0.000,0.000,0.000,0.000,0.000,0.000,0.000,0.000,0.000
a58a0944241952550b248f5ed8bc3d2647482fe5,Miraculous Eyes,0.979,0.628,0.564,0.513,0.453,0.403,0.363,0.331,0.312,0.297,0.215,0.102,0.021,0.000,0.000,0.000,0.000,0.000,0.000,0.000,0.000,0.000,0.000,0.000,0.000
a6268ee1800866a09bab6b47c61f885556992b45,The System Creation: Intergalactic Entry,0.906,0.426,0.366,0.328,0.310,0.292,0.280,0.270,0.257,0.246,0.225,0.186,0.143,0.124,0.111,0.100,0.094,0.086,0.079,0.073,0.060,0.054,0.050,0.041,0.034
a6f94887cb30090252bc97e34a7a53c7a6555b8d,"A Surrogate Bride for a Paralyzed CEO centers on Meredith and Ethan rebuilding their relationship after separation, with Ethan's bond with Elliot and the unresolved question of Elliot's parentage running underneath, while Elijah and Lee supply the external threat. The later pregnancy, wedding preparations, and plane accident give the ending a strong emotional push. The main editorial struggle was tension at chapter ends, since several episodes resolved emotional beats too quickly or closed on low stakes dialogue rather than a hook, along with a few execution slips like a leftover drafting line and some soft or abstract endings. These were fixed with targeted edits rather than a rewrite, and the core relationship and family arcs were kept as is since overall retention held up well",0.864,0.474,0.421,0.384,0.363,0.343,0.328,0.311,0.298,0.287,0.257,0.232,0.197,0.171,0.150,0.131,0.119,0.106,0.100,0.096,0.072,0.057,0.047,0.034,0.019
a92aaf29dca1833b578f42a2abbcdab8db2ff12e,Bought for the Ice Ceo,0.962,0.677,0.614,0.553,0.523,0.499,0.476,0.422,0.427,0.404,0.354,0.211,0.083,0.000,0.000,0.000,0.000,0.000,0.000,0.000,0.000,0.000,0.000,0.000,0.000
a978831eb87b7d63024465fa4df9a779feeaaf5a,Extreme Medical Sage,0.942,0.602,0.528,0.491,0.468,0.463,0.429,0.402,0.384,0.384,0.315,0.207,0.071,0.037,0.014,0.014,0.015,0.016,0.019,0.020,0.024,0.033,0.043,0.043,0.045
a9dd2d51d9347ce1a50ee64d1a38a6c33539ebc1,Billionaires Love Me,0.958,0.616,0.485,0.400,0.347,0.331,0.312,0.279,0.268,0.251,0.235,0.146,0.109,0.098,0.000,0.000,0.000,0.000,0.000,0.000,0.000,0.000,0.000,0.000,0.000
aaa698f296d8b031a8ae9b94897fb07edda92f97,A Heart Divided,0.903,0.662,0.620,0.554,0.532,0.513,0.478,0.443,0.408,0.361,0.316,0.199,0.091,0.082,0.000,0.000,0.000,0.000,0.000,0.000,0.000,0.000,0.000,0.000,0.000
aab4996493c32f1ec5e010a7e9b25c3e280e1445,Love Forever,0.930,0.535,0.483,0.442,0.407,0.404,0.382,0.359,0.376,0.312,0.320,0.179,0.084,0.054,0.000,0.000,0.000,0.000,0.000,0.000,0.000,0.000,0.000,0.000,0.000
ab0abb1b032efe35c0bd9be9cb6f80f8738dc1c9,Kaizen Aritoku Rise,0.989,0.628,0.532,0.426,0.340,0.298,0.277,0.237,0.226,0.237,0.152,0.120,0.089,0.030,0.030,0.000,0.000,0.000,0.000,0.000,0.000,0.000,0.000,0.000,0.000
ac20da1af1ee60dd2020e8ff294c8c9dcf5be7ba,General Drake,0.961,0.565,0.479,0.448,0.408,0.391,0.358,0.316,0.291,0.279,0.236,0.133,0.102,0.000,0.000,0.000,0.000,0.000,0.000,0.000,0.000,0.000,0.000,0.000,0.000
ad2e8d85f798bb8f66e9add56b1e29d7018e06fb,Embezzling Simp Funds,0.981,0.505,0.436,0.392,0.359,0.334,0.318,0.296,0.287,0.278,0.228,0.172,0.146,0.136,0.113,0.125,0.125,0.097,0.115,0.105,0.000,0.000,0.000,0.000,0.000
ad877b024bb7b2c30b52737ab2d9d8d49cc89f77,The Master at Heart Work,0.938,0.587,0.527,0.485,0.460,0.421,0.389,0.376,0.359,0.330,0.279,0.175,0.144,0.141,0.135,0.097,0.069,0.060,0.055,0.048,0.000,0.000,0.000,0.000,0.000
af3a1d341d78024fb76c9ce634ca951a6093416a,His Ex Is a Doctor Now,Not found,,,,,,,,,,,,,,,,,,,,,,,,
b035f182bb6d36439bba21081e89b0cb80ad7d57,Glory After Loss,0.962,0.520,0.462,0.396,0.373,0.338,0.320,0.308,0.299,0.281,0.221,0.163,0.104,0.000,0.000,0.000,0.000,0.000,0.000,0.000,0.000,0.000,0.000,0.000,0.000
b0cb1a15751b32389e6dc5643df14e64f65a78e6,Desire of the Billionaire,0.970,0.593,0.560,0.519,0.500,0.481,0.415,0.410,0.437,0.380,0.306,0.242,0.103,0.000,0.000,0.000,0.000,0.000,0.000,0.000,0.000,0.000,0.000,0.000,0.000
b164057dc6b8df1ba1289d383220147f237b7dfa,Rush Marriage,0.965,0.625,0.508,0.452,0.420,0.414,0.372,0.333,0.314,0.307,0.283,0.200,0.138,0.111,0.090,0.081,0.054,0.038,0.038,0.019,0.010,0.000,0.000,0.000,0.000
b26d8e5052a2beb1af4ffc462d31141bb635a5b5,The Revenge Marriage,0.963,0.580,0.514,0.466,0.431,0.397,0.371,0.350,0.331,0.321,0.263,0.200,0.145,0.083,0.167,0.000,0.000,0.000,0.000,0.000,0.000,0.000,0.000,0.000,0.000
b2e0e008665e30068057a1556346d5473a8ed579,Legend of Cursed Blood,0.964,0.468,0.392,0.341,0.283,0.239,0.222,0.230,0.193,0.173,0.114,0.073,0.031,0.021,0.021,0.021,0.008,0.006,0.000,0.000,0.000,0.000,0.000,0.000,0.000
b3eba9b5b1e71d67b0b578af6d96fbd491da545b,Legend of the Prison,Not found,,,,,,,,,,,,,,,,,,,,,,,,
234ed47144507d63e9a903acfe37512c24bc9290,Twists of Love & Revenge,0.949,0.510,0.392,0.307,0.270,0.251,0.237,0.225,0.216,0.211,0.190,0.172,0.148,0.123,0.110,0.104,0.096,0.091,0.085,0.078,0.068,0.059,0.040,0.024,0.000
b4ba67822e15bf23c0044676b09f1aeb405d154f,The Twin Affair,0.947,0.550,0.450,0.416,0.370,0.340,0.326,0.310,0.302,0.289,0.266,0.243,0.179,0.070,0.000,0.000,0.000,0.000,0.000,0.000,0.000,0.000,0.000,0.000,0.000
b6ceacf9ec08a19cb30826c8277260c2339da0b3,Ruthless Betrayal,0.952,0.487,0.375,0.329,0.331,0.299,0.276,0.249,0.255,0.229,0.192,0.097,0.069,0.000,0.000,0.000,0.000,0.000,0.000,0.000,0.000,0.000,0.000,0.000,0.000
b6dcffd8fcb56899f1036740aa43dcb9b648ffe5,His Zealous Years Ahead,0.966,0.497,0.434,0.395,0.365,0.338,0.314,0.306,0.269,0.282,0.238,0.196,0.000,0.000,0.000,0.000,0.000,0.000,0.000,0.000,0.000,0.000,0.000,0.000,0.000
b7410aeb19f92f7df4ccab821b5a28bfd7d73027,Alpha Regulus,0.966,0.509,0.417,0.364,0.315,0.288,0.269,0.241,0.222,0.210,0.179,0.164,0.120,0.093,0.084,0.076,0.061,0.050,0.043,0.036,0.000,0.000,0.000,0.000,0.000
239987644f409ac822be4ca9051a98eb8bf7e766,The Silent Rebirth,0.947,0.513,0.449,0.418,0.402,0.381,0.358,0.347,0.335,0.326,0.311,0.265,0.196,0.168,0.147,0.126,0.114,0.105,0.085,0.064,0.000,0.000,0.000,0.000,0.000
ba0633322d2e3b1f5dc385fdef11110ad663eca3,Unexpect Billionaire Love,0.949,0.646,0.538,0.462,0.397,0.365,0.345,0.312,0.302,0.289,0.251,0.189,0.113,0.000,0.000,0.000,0.000,0.000,0.000,0.000,0.000,0.000,0.000,0.000,0.000
bb2f281964ff5fb7528074b3b2b73409bbf91d2a,My Money Minting System,0.963,0.709,0.599,0.517,0.452,0.386,0.345,0.317,0.309,0.306,0.209,0.104,0.068,0.000,0.000,0.000,0.000,0.000,0.000,0.000,0.000,0.000,0.000,0.000,0.000
bb8bdc13e3c19f2845f457b91284273ad6ddf8f2,His Four Little Rascals,0.918,0.477,0.403,0.380,0.366,0.350,0.339,0.325,0.309,0.300,0.269,0.238,0.203,0.154,0.131,0.112,0.097,0.083,0.066,0.057,0.037,0.030,0.000,0.000,0.000
bbaf98e4e43fc8963698d00c4a338957fb765b85,Artifact Spirit System,0.964,0.608,0.537,0.491,0.459,0.436,0.417,0.398,0.383,0.373,0.330,0.283,0.195,0.157,0.000,0.000,0.000,0.000,0.000,0.000,0.000,0.000,0.000,0.000,0.000
be6caef02859b458c7e726aab639c65f41c8e1be,Natural Godly Martial Art,0.984,0.565,0.505,0.403,0.367,0.343,0.314,0.318,0.300,0.314,0.327,0.276,0.000,0.000,0.000,0.000,0.000,0.000,0.000,0.000,0.000,0.000,0.000,0.000,0.000
bf3632f1f9e1f3a7b864a989bb8f495a629a43cb,Her Secret Twins,0.919,0.525,0.444,0.400,0.371,0.353,0.337,0.327,0.317,0.310,0.273,0.258,0.230,0.200,0.168,0.141,0.121,0.110,0.096,0.082,0.064,0.055,0.048,0.000,0.000
c04c6d5eb020135b9855b7b2290092294bd33d99,My Crimson Bite,0.963,0.514,0.444,0.412,0.386,0.376,0.358,0.327,0.308,0.311,0.258,0.178,0.103,0.000,0.000,0.000,0.000,0.000,0.000,0.000,0.000,0.000,0.000,0.000,0.000
c2045ffb46d0538ca44af5ee011be0b36e81c395,A Marriage of Ashes,0.983,0.317,0.227,0.197,0.184,0.172,0.155,0.153,0.149,0.126,0.017,0.002,0.000,0.000,0.000,0.000,0.000,0.000,0.000,0.000,0.000,0.000,0.000,0.000,0.000
c4463ba00f6c126612324139644418680a50dd75,Bloodstar,0.978,0.712,0.623,0.535,0.478,0.423,0.380,0.343,0.311,0.296,0.245,0.219,0.000,0.000,0.000,0.000,0.000,0.000,0.000,0.000,0.000,0.000,0.000,0.000,0.000
c6786de3c05a64c2f4c13acbe0e61d8d4e111aad,Mr. Kane's Reluctant Wife,0.956,0.589,0.530,0.513,0.479,0.466,0.454,0.447,0.444,0.427,0.400,0.293,0.185,0.000,0.000,0.000,0.000,0.000,0.000,0.000,0.000,0.000,0.000,0.000,0.000
c8219b2f9d80ce631da27b15849041dbb194dc76,The Fire God's Heir,0.959,0.607,0.539,0.401,0.322,0.290,0.287,0.248,0.224,0.210,0.155,0.077,0.065,0.000,0.000,0.000,0.000,0.000,0.000,0.000,0.000,0.000,0.000,0.000,0.000
cc5ecb3fc21c174557bddcfbc36d821c915d89ed,My Lovely Intruder,0.971,0.522,0.433,0.380,0.340,0.300,0.289,0.269,0.260,0.247,0.218,0.162,0.130,0.115,0.071,0.091,0.000,0.000,0.000,0.000,0.000,0.000,0.000,0.000,0.000
cce017649e6098a735e72b5dbfed27f3c95bad78,Between Love and Betrayal,0.966,0.526,0.472,0.426,0.385,0.368,0.355,0.331,0.324,0.314,0.289,0.289,0.233,0.145,0.000,0.000,0.000,0.000,0.000,0.000,0.000,0.000,0.000,0.000,0.000
5e570d3fccfb5029774b4d9f9669429f580d0791,Princess Ebony & the Silver Dragon,0.913,0.532,0.470,0.442,0.424,0.413,0.380,0.364,0.353,0.342,0.292,0.256,0.220,0.195,0.171,0.147,0.118,0.098,0.078,0.036,0.036,0.000,0.000,0.000,0.000
cf138a4e4f8b6cb40b9833ee499c642e387d8cce,Beast Crown System,Not found,,,,,,,,,,,,,,,,,,,,,,,,
d2aaef61d998c9f90c2df15eafe1acd784549269,Alpha Braxton,0.961,0.633,0.560,0.520,0.484,0.454,0.434,0.427,0.412,0.409,0.353,0.344,0.230,0.137,0.162,0.000,0.000,0.000,0.000,0.000,0.000,0.000,0.000,0.000,0.000
d3866fc3c89b4f6e7425ea92decf796ef97098db,The Billionaire's Twins,0.957,0.654,0.614,0.564,0.536,0.517,0.488,0.460,0.431,0.377,0.249,0.152,0.055,0.063,0.100,0.000,0.000,0.000,0.000,0.000,0.000,0.000,0.000,0.000,0.000
d4bf13e8bbfcd2fa5b75aa042e47479d3a06188b,Undead Tamer's Necro Pets,0.980,0.515,0.423,0.372,0.349,0.323,0.303,0.279,0.262,0.259,0.257,0.254,0.000,0.000,0.000,0.000,0.000,0.000,0.000,0.000,0.000,0.000,0.000,0.000,0.000
a877c7bd8a3facfb24f79b876674d1437dd52fb5,Dragon System Awakening,0.917,0.584,0.529,0.498,0.468,0.451,0.435,0.421,0.406,0.394,0.355,0.295,0.223,0.195,0.173,0.161,0.147,0.129,0.113,0.102,0.071,0.000,0.000,0.000,0.000
d6ecb3540b1fdba82ccfa1fa9d0dbaa8fe59424c,Among the Undead,0.961,0.486,0.376,0.280,0.243,0.216,0.189,0.170,0.156,0.155,0.123,0.096,0.072,0.055,0.028,0.026,0.010,0.000,0.000,0.000,0.000,0.000,0.000,0.000,0.000
d71fc923d0820825aefcf4bf75b7743891f7feac,Only One Race,0.966,0.484,0.432,0.401,0.373,0.348,0.326,0.312,0.282,0.274,0.198,0.188,0.088,0.077,0.000,0.000,0.000,0.000,0.000,0.000,0.000,0.000,0.000,0.000,0.000
d7ca1328c0f95b3f2c4ca6c74456b4a051809966,Shattered Sword System,Not found,,,,,,,,,,,,,,,,,,,,,,,,
da2b63280d328cd78ef9102ea4f7f131a3ff6369,I Returned for Revenge,0.956,0.685,0.604,0.574,0.564,0.547,0.520,0.468,0.495,0.471,0.282,0.130,0.036,0.025,0.000,0.000,0.000,0.000,0.000,0.000,0.000,0.000,0.000,0.000,0.000
da8d32c5473daa3dc16575cdcd79a118bb445ffb,Bold Step Against Hoffman,0.971,0.516,0.427,0.365,0.318,0.289,0.284,0.259,0.250,0.235,0.178,0.146,0.120,0.101,0.094,0.018,0.026,0.000,0.000,0.000,0.000,0.000,0.000,0.000,0.000
de862851ca66c0ec5a982ecfe58d14472093a185,From Trash to Legend,0.967,0.744,0.717,0.694,0.653,0.628,0.602,0.571,0.548,0.545,0.356,0.229,0.000,0.000,0.000,0.000,0.000,0.000,0.000,0.000,0.000,0.000,0.000,0.000,0.000
e0cc4d535444616635b899b0d8d7d34e8dde5fa7,Fated Bond,0.958,0.389,0.323,0.282,0.263,0.245,0.230,0.223,0.214,0.208,0.188,0.168,0.153,0.135,0.116,0.099,0.080,0.065,0.045,0.018,0.048,0.000,0.000,0.000,0.000
e0df7c51c42acc2ebb07fef0853244b617b34a0a,Hunted by the Alpha,0.971,0.442,0.377,0.354,0.335,0.319,0.295,0.279,0.275,0.257,0.218,0.182,0.135,0.000,0.000,0.000,0.000,0.000,0.000,0.000,0.000,0.000,0.000,0.000,0.000
e168f716089521f9d1fe95769f273458c64e2ba9,My Young Bodyguard,0.968,0.538,0.476,0.440,0.395,0.386,0.369,0.344,0.324,0.288,0.231,0.200,0.161,0.076,0.000,0.000,0.000,0.000,0.000,0.000,0.000,0.000,0.000,0.000,0.000
e1e025613df0bb24a28711b19cbefdbc254e0c21,The Ceo Hidden Bride,0.975,0.588,0.492,0.443,0.400,0.364,0.354,0.324,0.305,0.312,0.216,0.179,0.000,0.000,0.000,0.000,0.000,0.000,0.000,0.000,0.000,0.000,0.000,0.000,0.000
e2f077e58449b7e3e415bd16eb5bb755606936b6,Powerless Heir to Throne,0.955,0.658,0.606,0.565,0.502,0.462,0.427,0.396,0.375,0.357,0.300,0.208,0.132,0.090,0.231,0.000,0.000,0.000,0.000,0.000,0.000,0.000,0.000,0.000,0.000
e3ea22ad9a736918a7619bfed3abf1f862c9bdb2,The Empress's Cold Return,0.961,0.551,0.457,0.416,0.386,0.371,0.338,0.337,0.299,0.296,0.238,0.174,0.081,0.034,0.000,0.000,0.000,0.000,0.000,0.000,0.000,0.000,0.000,0.000,0.000
cdb3a84d505dbefdca86cae60d3db90f949368f1,Amulet of the Gods,0.923,0.560,0.499,0.464,0.442,0.420,0.403,0.390,0.380,0.373,0.354,0.310,0.220,0.168,0.122,0.103,0.085,0.059,0.051,0.042,0.000,0.000,0.000,0.000,0.000
e79ceb682265a42fb44c988f861c20672776f19d,Faction of Unity: Wyrmara,0.966,0.427,0.358,0.327,0.287,0.272,0.254,0.226,0.208,0.214,0.162,0.074,0.044,0.078,0.000,0.000,0.000,0.000,0.000,0.000,0.000,0.000,0.000,0.000,0.000
e7a3ee79841762542e0eb645666b039c707001f5,Masked Prince's Princess,0.957,0.546,0.489,0.446,0.406,0.384,0.379,0.355,0.341,0.330,0.297,0.262,0.209,0.185,0.121,0.000,0.000,0.000,0.000,0.000,0.000,0.000,0.000,0.000,0.000
e835267a1c9909e759d530cea3d17b5999d86761,Her Lightness System,0.928,0.634,0.570,0.552,0.490,0.414,0.394,0.346,0.326,0.324,0.278,0.165,0.083,0.063,0.000,0.000,0.000,0.000,0.000,0.000,0.000,0.000,0.000,0.000,0.000
e83bb9290a73242b13db9a4453b23f1b0ca9fed0,The Baby He Denied,0.957,0.674,0.615,0.550,0.533,0.495,0.462,0.416,0.387,0.361,0.301,0.226,0.136,0.065,0.083,0.333,0.000,0.000,0.000,0.000,0.000,0.000,0.000,0.000,0.000
e8df3cfef87feac45c4c024f9cbd7254cfc15952,Between Wolves and Lies,0.987,0.540,0.473,0.400,0.355,0.337,0.305,0.268,0.253,0.223,0.151,0.063,0.015,0.000,0.000,0.000,0.000,0.000,0.000,0.000,0.000,0.000,0.000,0.000,0.000
ee2e216e3dceba69118e501b055c3b7b9a0335a3,Kyan's System Awakening,0.962,0.600,0.536,0.515,0.498,0.480,0.461,0.445,0.432,0.422,0.384,0.303,0.215,0.134,0.083,0.051,0.000,0.000,0.000,0.000,0.000,0.000,0.000,0.000,0.000
ef47552b570f8fc4cc243b88fae469ea12c31df0,Mated to Enemy’s Luna,0.960,0.646,0.581,0.558,0.513,0.473,0.438,0.429,0.422,0.408,0.306,0.225,0.070,0.070,0.017,0.039,0.000,0.000,0.000,0.000,0.000,0.000,0.000,0.000,0.000
efc5ab9117a97ffce6537344dcb0416ed5ff0dc1,Imperial Clan Descends,0.986,0.433,0.312,0.266,0.233,0.211,0.210,0.198,0.167,0.165,0.145,0.169,0.105,0.111,0.000,0.000,0.000,0.000,0.000,0.000,0.000,0.000,0.000,0.000,0.000
f06451dc56081680609a77b52825c3da76e8ae66,"Her Exit, His Regret",0.960,0.658,0.585,0.515,0.441,0.405,0.399,0.331,0.304,0.291,0.246,0.172,0.144,0.154,0.000,0.000,0.000,0.000,0.000,0.000,0.000,0.000,0.000,0.000,0.000
f11e794eecc64915145ae97085e04201646abfe3,Almost His Bride,0.961,0.678,0.644,0.619,0.586,0.569,0.550,0.524,0.487,0.540,0.256,0.182,0.074,0.035,0.000,0.000,0.000,0.000,0.000,0.000,0.000,0.000,0.000,0.000,0.000
d687598bacfd959af85400d722a39d5e62aad513,Unexpectedly Mine,0.919,0.499,0.444,0.418,0.396,0.377,0.359,0.339,0.332,0.324,0.276,0.247,0.203,0.179,0.147,0.128,0.123,0.109,0.088,0.067,0.038,0.020,0.000,0.000,0.000
f23c3d5745910e4c7cf490450f5314358a0cec03,When My Ex Returned,0.971,0.538,0.485,0.445,0.425,0.396,0.364,0.328,0.313,0.299,0.244,0.148,0.101,0.000,0.000,0.000,0.000,0.000,0.000,0.000,0.000,0.000,0.000,0.000,0.000
f28015e776794ea9005cb560f705599a01d2df67,Escaping My Husband,Not found,,,,,,,,,,,,,,,,,,,,,,,,
f2ec53ac7f98813aea65ea59e50f32077fe08707,The Forbidden Kiss,0.969,0.597,0.495,0.440,0.401,0.370,0.316,0.300,0.284,0.262,0.200,0.134,0.123,0.078,0.000,0.000,0.000,0.000,0.000,0.000,0.000,0.000,0.000,0.000,0.000
e40505b31ca87f2f6b736e3f18b3e9f46e21cd04,My Dragonic System,0.928,0.546,0.492,0.458,0.440,0.424,0.409,0.397,0.383,0.373,0.348,0.295,0.231,0.191,0.161,0.119,0.092,0.000,0.000,0.000,0.000,0.000,0.000,0.000,0.000
f47e2c3c03d765bd054b92de405403a6c90b8d7f,It Was You Mister Cross,0.963,0.711,0.651,0.578,0.543,0.539,0.505,0.493,0.454,0.434,0.337,0.271,0.172,0.093,0.036,0.000,0.000,0.000,0.000,0.000,0.000,0.000,0.000,0.000,0.000
f55e0806430f9f979b0bfc889bab608a05d8bb5b,Light of a New World,0.984,0.390,0.296,0.233,0.186,0.170,0.144,0.122,0.103,0.093,0.070,0.050,0.027,0.019,0.014,0.007,0.005,0.003,0.000,0.000,0.000,0.000,0.000,0.000,0.000
f32ed59a93a11812f5a5a57e2c663028b1c65f89,Trillionaire Sterling,0.898,0.538,0.487,0.461,0.440,0.422,0.412,0.402,0.397,0.392,0.361,0.308,0.258,0.208,0.181,0.141,0.076,0.083,0.050,0.000,0.000,0.000,0.000,0.000,0.000
fb311a6dd8cd59a51bf680323116bcc5d2798a8e,The Beast Tamer's Legacy,0.977,0.463,0.394,0.331,0.285,0.255,0.231,0.210,0.195,0.182,0.139,0.104,0.088,0.000,0.000,0.000,0.000,0.000,0.000,0.000,0.000,0.000,0.000,0.000,0.000
fc599fbc708fd150dfe8d867a18a17fa8b439c84,Anything for Sunny,0.973,0.528,0.440,0.353,0.304,0.275,0.227,0.205,0.190,0.175,0.145,0.138,0.111,0.111,0.000,0.000,0.000,0.000,0.000,0.000,0.000,0.000,0.000,0.000,0.000
f692474d2ac3ef329a93f72cfedf44bceaced5f1,Kingsley Reigns,0.915,0.429,0.381,0.354,0.338,0.322,0.305,0.288,0.276,0.266,0.235,0.196,0.155,0.134,0.120,0.104,0.099,0.088,0.079,0.070,0.058,0.048,0.031,0.017,0.032
fce8fe866ed4c3d213e087a4343996d06bb09af7,The Anderson Rebirth,0.953,0.631,0.576,0.544,0.498,0.473,0.454,0.434,0.425,0.404,0.379,0.280,0.153,0.088,0.000,0.000,0.000,0.000,0.000,0.000,0.000,0.000,0.000,0.000,0.000
fce99720ddedf66c6e45f23c6876581e0b796f34,Reborn as Serena Whitmore,#REF!,,,,,,,,,,,,,,,,,,,,,,,,
fe01aa725eab93a44f707bbab393a9640b0e69db,3 Years Later He Found Me,#REF!,,,,,,,,,,,,,,,,,,,,,,,,
fe218223c3cbc0377d2bb07ad68251723f1b3792,Return of the Gamer God,#REF!,,,,,,,,,,,,,,,,,,,,,,,,
0b24baea319eafeca1995fb9b34e29d6ebfb9a50,Rejected Bride Returns,0.966,0.598,0.506,0.406,0.343,0.297,0.227,0.192,0.153,0.133,0.063,0.143,0.000,0.000,0.000,0.000,0.000,0.000,0.000,0.000,0.000,0.000,0.000,0.000,0.000
daa40d9ff542ace7e27440803ddf4307bbd54bdd,Villain's Harem,0.965,0.638,0.576,0.513,0.457,0.425,0.401,0.396,0.406,0.404,0.382,0.333,0.000,0.000,0.000,0.000,0.000,0.000,0.000,0.000,0.000,0.000,0.000,0.000,0.000
5ad1a2d5f57743334a751d76b1942a05210d185c,From Widow to His Wife,Not found,,,,,,,,,,,,,,,,,,,,,,,,
f3b45a9b931b38c0315d82ad645b9e45b513664b,Reborn as a Golblin?!,0.992,0.664,0.576,0.489,0.451,0.376,0.344,0.304,0.289,0.272,0.259,0.355,0.000,0.000,0.000,0.000,0.000,0.000,0.000,0.000,0.000,0.000,0.000,0.000,0.000
6537ebcf99ebb2572c378cc92edd07b6d165b13b,THE LEGENDARY BEAST ARCHI,0.979,0.564,0.505,0.468,0.442,0.424,0.399,0.358,0.331,0.269,0.250,0.250,0.000,0.000,0.000,0.000,0.000,0.000,0.000,0.000,0.000,0.000,0.000,0.000,0.000
05081ee1026b5a4754958dd34670379788a6d672,Billionaire Prison Bride,0.955,0.680,0.636,0.603,0.593,0.592,0.565,0.525,0.491,0.457,0.376,0.500,0.000,0.000,0.000,0.000,0.000,0.000,0.000,0.000,0.000,0.000,0.000,0.000,0.000
3b626e0d14c34edb82f4b215f3b8d2e50455bbdd,His Lady Boss Is a Mafia,0.936,0.443,0.402,0.371,0.343,0.322,0.300,0.288,0.293,0.282,0.255,0.209,1.000,0.000,0.000,0.000,0.000,0.000,0.000,0.000,0.000,0.000,0.000,0.000,0.000
d419897471d8bc8312abf495d27412e669ccf6d0,His Borrowed Wife,0.959,0.497,0.439,0.397,0.376,0.362,0.347,0.336,0.324,0.313,0.289,0.258,0.161,0.000,0.000,0.000,0.000,0.000,0.000,0.000,0.000,0.000,0.000,0.000,0.000
26e1fd07be016edcad6988356011ef8b49038bd1,The Last Anniversary Lie,0.958,0.606,0.528,0.493,0.448,0.425,0.390,0.389,0.394,0.378,0.250,0.167,0.000,0.000,0.000,0.000,0.000,0.000,0.000,0.000,0.000,0.000,0.000,0.000,0.000
8aab13cef66595bf85428c05007cefe16b733ba5,Reborn Heartbeat,0.917,0.549,0.500,0.475,0.461,0.439,0.437,0.428,0.412,0.416,0.403,0.260,0.192,0.000,0.000,0.000,0.000,0.000,0.000,0.000,0.000,0.000,0.000,0.000,0.000
c70ab873b6442094ae1e949980d02197b1b40569,Bite the Rogue,Not found,,,,,,,,,,,,,,,,,,,,,,,,
abe99e0d615e9d7ebbf5d941810842cf64a74c6c,"Forgetting You, Lily",0.969,0.555,0.431,0.383,0.354,0.332,0.283,0.252,0.226,0.183,0.116,0.093,0.000,0.000,0.000,0.000,0.000,0.000,0.000,0.000,0.000,0.000,0.000,0.000,0.000
cae77d999ed2205a1ab04a54470de972ddd8bc69,Atlas of My Heart,0.950,0.604,0.518,0.459,0.398,0.351,0.334,0.316,0.300,0.280,0.238,0.211,0.139,0.000,0.000,0.000,0.000,0.000,0.000,0.000,0.000,0.000,0.000,0.000,0.000
df497806d02c2dcc2e8f8e790fcc3fb9e72f8166,Never Letting You Go,0.963,0.527,0.462,0.417,0.361,0.350,0.328,0.314,0.288,0.287,0.201,0.135,0.111,0.000,0.000,0.000,0.000,0.000,0.000,0.000,0.000,0.000,0.000,0.000,0.000
44c616c59b6b2cd7fcb80263ece968b250ad9dbe,Supreme Miracle Doctor,0.974,0.546,0.477,0.426,0.391,0.357,0.337,0.326,0.306,0.296,0.210,0.128,0.000,0.000,0.000,0.000,0.000,0.000,0.000,0.000,0.000,0.000,0.000,0.000,0.000
7d18c26c9a61af0d543d74280e7328e01a907988,Empire of Love and War,0.975,0.540,0.474,0.422,0.388,0.355,0.331,0.308,0.291,0.273,0.186,0.118,0.072,0.000,0.000,0.000,0.000,0.000,0.000,0.000,0.000,0.000,0.000,0.000,0.000
da5271db73c1f23560f26da633ebffb91df9abd6,Sold to the Alpha King,0.977,0.576,0.464,0.397,0.335,0.304,0.278,0.251,0.232,0.224,0.147,0.152,0.000,0.000,0.000,0.000,0.000,0.000,0.000,0.000,0.000,0.000,0.000,0.000,0.000
9eb4932b6e7663416bee5ea2d2dd1b2ced5727be,Rise of the God Mage,0.983,0.677,0.606,0.582,0.545,0.508,0.473,0.451,0.434,0.425,0.368,0.279,0.000,0.000,0.000,0.000,0.000,0.000,0.000,0.000,0.000,0.000,0.000,0.000,0.000
2804c5c0d94ac97e4b67564cc852e784e64583e5,Rebirth in Beauty,0.968,0.585,0.512,0.472,0.430,0.404,0.370,0.347,0.338,0.299,0.167,0.000,0.000,0.000,0.000,0.000,0.000,0.000,0.000,0.000,0.000,0.000,0.000,0.000,0.000
afc4914ba536580c6c21a79231a73b9e6dc67e1a,Her Cupid Curse,0.969,0.600,0.548,0.485,0.437,0.397,0.361,0.328,0.319,0.327,0.286,0.333,0.000,0.000,0.000,0.000,0.000,0.000,0.000,0.000,0.000,0.000,0.000,0.000,0.000
2217881cc8f3c05fb3e0dbf70a118129e4e12471,Sevenfold Saint's Rise,0.980,0.624,0.556,0.532,0.454,0.404,0.349,0.321,0.310,0.224,0.000,0.000,0.000,0.000,0.000,0.000,0.000,0.000,0.000,0.000,0.000,0.000,0.000,0.000,0.000
e5b71f4b40481cb15ce33532df56be566352534e,Rewind and Rise,0.967,0.694,0.632,0.577,0.555,0.516,0.519,0.482,0.490,0.482,0.413,0.355,0.000,0.000,0.000,0.000,0.000,0.000,0.000,0.000,0.000,0.000,0.000,0.000,0.000
8bba1c491698de2d4d33abe2f115e5d666e141b2,Until He Remembers Me,0.952,0.506,0.451,0.415,0.382,0.348,0.340,0.305,0.293,0.267,0.214,0.145,0.000,0.000,0.000,0.000,0.000,0.000,0.000,0.000,0.000,0.000,0.000,0.000,0.000
1e8c33b5d824973efcdca4b5194f961aed4ba258,Mafia's Reluctant Bride,0.972,0.519,0.438,0.390,0.359,0.335,0.312,0.296,0.270,0.256,0.214,0.166,0.000,0.000,0.000,0.000,0.000,0.000,0.000,0.000,0.000,0.000,0.000,0.000,0.000
23a0bb3d5deb8d4707bdb34175170e288d724c97,System of Super Tech,0.977,0.536,0.429,0.404,0.369,0.333,0.316,0.305,0.289,0.291,0.235,0.155,0.103,0.000,0.000,0.000,0.000,0.000,0.000,0.000,0.000,0.000,0.000,0.000,0.000
1b7d89c237c133e6c5b15db13e684c2e1f3688e1,War God Of The Red Sea!,0.981,0.535,0.427,0.369,0.341,0.309,0.283,0.277,0.257,0.252,0.199,0.162,0.000,0.000,0.000,0.000,0.000,0.000,0.000,0.000,0.000,0.000,0.000,0.000,0.000
622c96a576425047d6bff8447205921132d7f61c,The Exit Nobody Expected,0.961,0.384,0.364,0.366,0.302,0.289,0.308,0.306,0.298,0.291,0.180,0.132,0.140,0.000,0.000,0.000,0.000,0.000,0.000,0.000,0.000,0.000,0.000,0.000,0.000
184b660f61809850b4478d5bf89e9d10794578ee,Playing with Fire,0.776,0.335,0.294,0.263,0.244,0.220,0.226,0.195,0.214,0.208,0.192,0.147,0.080,0.000,0.000,0.000,0.000,0.000,0.000,0.000,0.000,0.000,0.000,0.000,0.000
4bb85319b3dd3ab4ec654bdd13098e3f37cb3e3b,Shadowed Wealth,0.878,0.563,0.507,0.464,0.379,0.327,0.334,0.317,0.304,0.294,0.243,0.162,0.059,0.000,0.000,0.000,0.000,0.000,0.000,0.000,0.000,0.000,0.000,0.000,0.000
34997bc4167305107b251e0bf8431553064ef3a5,The Ghost Heiress,0.963,0.555,0.503,0.466,0.427,0.386,0.306,0.316,0.336,0.337,0.200,0.147,0.000,0.000,0.000,0.000,0.000,0.000,0.000,0.000,0.000,0.000,0.000,0.000,0.000
db982055d0205f85b154941a9a5fdcae32a88a7c,Re:system - Rebooted,0.993,0.621,0.546,0.497,0.465,0.430,0.401,0.340,0.331,0.298,0.000,0.000,0.000,0.000,0.000,0.000,0.000,0.000,0.000,0.000,0.000,0.000,0.000,0.000,0.000
c66d5521f195754d722c7e3daab2da20a027dd0c,Ceo's Heartbreaker,0.947,0.562,0.439,0.398,0.320,0.314,0.284,0.248,0.237,0.242,0.242,0.175,0.085,0.000,0.000,0.000,0.000,0.000,0.000,0.000,0.000,0.000,0.000,0.000,0.000
8e3c4698dede52f8548d10d283645c3e3f83c04a,The Celestial God’s Heir,0.980,0.575,0.492,0.433,0.411,0.374,0.372,0.345,0.331,0.309,0.000,0.000,0.000,0.000,0.000,0.000,0.000,0.000,0.000,0.000,0.000,0.000,0.000,0.000,0.000
1e1205d9e93348005e7eb4b2e071c8c63b7914ca,The Heart's Captive,0.932,0.316,0.272,0.264,0.241,0.245,0.241,0.245,0.253,0.253,0.221,0.112,0.032,0.012,0.000,0.000,0.000,0.000,0.000,0.000,0.000,0.000,0.000,0.000,0.000
0d21dd4ffb9680bb944fd711e5cc87a740177675,Ultimate Sign in System,Not found,,,,,,,,,,,,,,,,,,,,,,,,
ed37d82285cfdcacdd3008ef7825d877fd575b57,Charade,0.971,0.382,0.353,0.353,0.353,0.294,0.294,0.273,0.242,0.273,0.242,0.152,0.083,0.000,0.000,0.000,0.000,0.000,0.000,0.000,0.000,0.000,0.000,0.000,0.000
57e670da35fed12abf270953b1cf3cf942fc89e1,"You Are Mine Alone, Love",0.972,0.593,0.509,0.440,0.407,0.372,0.332,0.324,0.298,0.293,0.218,0.118,0.075,0.000,0.000,0.000,0.000,0.000,0.000,0.000,0.000,0.000,0.000,0.000,0.000
cec33b3e9f3607e7d8ae32858f0e715a91e937c4,From Squalor to Moneybag,0.918,0.629,0.639,0.616,0.540,0.439,0.373,0.336,0.311,0.280,0.169,0.092,0.041,0.033,0.000,0.000,0.000,0.000,0.000,0.000,0.000,0.000,0.000,0.000,0.000
596d213162507bbf543b3c2a618f8bb54acd4623,Echoes Of Regrets,0.978,0.618,0.500,0.381,0.329,0.309,0.289,0.262,0.242,0.174,0.167,0.153,0.119,0.070,0.000,0.000,0.000,0.000,0.000,0.000,0.000,0.000,0.000,0.000,0.000
c9fd6d447c06b151ec4563d30a1e1685e71bd29d,Void Evolution System,0.978,0.714,0.668,0.621,0.593,0.574,0.560,0.540,0.520,0.490,0.286,0.000,0.000,0.000,0.000,0.000,0.000,0.000,0.000,0.000,0.000,0.000,0.000,0.000,0.000
2a8120a20d0bebaa0f325746e4058859d5e610ee,Cultivated Love,0.905,0.271,0.230,0.168,0.169,0.188,0.166,0.165,0.182,0.162,0.173,0.138,0.083,0.071,0.035,0.080,0.000,0.000,0.000,0.000,0.000,0.000,0.000,0.000,0.000
97bf3d3427830d8b1bc0c5929b0c0832cbf02a25,The Miraculous Physician,0.966,0.510,0.422,0.345,0.319,0.307,0.282,0.270,0.247,0.245,0.455,0.667,0.000,0.000,0.000,0.000,0.000,0.000,0.000,0.000,0.000,0.000,0.000,0.000,0.000
69e29d606b65c300fffe9a9af149d4b81b170a78,Unexpectedly Entwined,0.957,0.533,0.459,0.427,0.388,0.350,0.324,0.301,0.272,0.270,0.176,0.099,0.090,0.094,0.119,0.048,0.000,0.000,0.000,0.000,0.000,0.000,0.000,0.000,0.000
ddcfd794c1c386caa644e2b1d2379bfcd4efb154,Tycoons Love Swindled,0.548,0.325,0.254,0.258,0.244,0.245,0.199,0.226,0.167,0.194,0.192,0.130,0.034,0.009,0.000,0.000,0.000,0.000,0.000,0.000,0.000,0.000,0.000,0.000,0.000
ba1065d04424754ef65327a97989402f6a123e5a,Yours by Accident,0.970,0.561,0.467,0.425,0.331,0.291,0.265,0.233,0.221,0.210,0.175,0.088,0.065,0.026,0.018,0.003,0.000,0.000,0.000,0.000,0.000,0.000,0.000,0.000,0.000
57c4ad36d88c94c3d6132c931c371b08f21ab0e1,Warlord of the Frozen Daw,0.942,0.570,0.491,0.442,0.385,0.338,0.318,0.274,0.273,0.247,0.252,0.128,0.102,0.071,0.000,0.000,0.000,0.000,0.000,0.000,0.000,0.000,0.000,0.000,0.000
9236a79ea4f06488372a41ebcc7a4f0fbfc7b1c3,King of Mercenaries,0.984,0.387,0.373,0.292,0.278,0.234,0.222,0.242,0.242,0.236,0.240,0.220,0.163,0.071,0.000,0.000,0.000,0.000,0.000,0.000,0.000,0.000,0.000,0.000,0.000
600fd3dce36442cc62b42d3dc874d91d13e1d8e4,Solo Leveling Respawn,0.987,0.399,0.281,0.243,0.224,0.171,0.146,0.147,0.140,0.118,0.089,0.093,0.049,0.023,0.042,0.037,0.043,0.000,0.000,0.000,0.000,0.000,0.000,0.000,0.000
607c0f609185406d26ef53f75ec53702dfb292d7,The Chaosborn Child,0.983,0.631,0.528,0.489,0.457,0.440,0.415,0.383,0.359,0.340,0.285,0.219,0.131,0.080,0.000,0.000,0.000,0.000,0.000,0.000,0.000,0.000,0.000,0.000,0.000
4ef829b74ddfb2f550d1c5ceb22a6d68f5936dff,The Mad Alpha’s True Luna,0.973,0.652,0.560,0.512,0.477,0.454,0.410,0.404,0.381,0.358,0.301,0.357,0.000,0.000,0.000,0.000,0.000,0.000,0.000,0.000,0.000,0.000,0.000,0.000,0.000
c6590012d529ed8d9e5750565fe5d91ddd1144d5,Rise of Charles Atticus,0.963,0.654,0.597,0.549,0.521,0.474,0.434,0.407,0.392,0.356,0.533,0.000,0.000,0.000,0.000,0.000,0.000,0.000,0.000,0.000,0.000,0.000,0.000,0.000,0.000
53bd90147df4228136243c0a218345e3a338b8c1,His Abandoned Wife,0.970,0.556,0.500,0.483,0.445,0.407,0.397,0.371,0.332,0.321,0.233,0.118,0.000,0.000,0.000,0.000,0.000,0.000,0.000,0.000,0.000,0.000,0.000,0.000,0.000
a901618b218023453e7ca53e9fa1d9940b094e69,The Devil's New Assistant,0.949,0.428,0.371,0.370,0.357,0.346,0.316,0.297,0.270,0.273,0.253,0.274,0.000,0.000,0.000,0.000,0.000,0.000,0.000,0.000,0.000,0.000,0.000,0.000,0.000
3a6212d18e444c9585676ce7dba35b7111dd1613,King of Throne,0.992,0.423,0.394,0.397,0.250,0.333,0.250,0.000,0.000,0.000,0.000,0.000,0.000,0.000,0.000,0.000,0.000,0.000,0.000,0.000,0.000,0.000,0.000,0.000,0.000
9c5a320e8591b0aad996347bc17f53479097ac00,Dad's a Billionaire,0.968,0.559,0.443,0.416,0.370,0.335,0.300,0.330,0.322,0.278,0.305,0.213,0.000,0.000,0.000,0.000,0.000,0.000,0.000,0.000,0.000,0.000,0.000,0.000,0.000
7b3a625b0f5bbaa9080a6795b2d70e994716f8a5,Unexpectedly Yours,0.960,0.461,0.409,0.368,0.340,0.297,0.270,0.258,0.234,0.224,0.139,0.156,0.000,0.000,0.000,0.000,0.000,0.000,0.000,0.000,0.000,0.000,0.000,0.000,0.000
a48f5e77f994307c8a39968302f28c62b0c654af,Battle Master,0.987,0.627,0.554,0.527,0.507,0.482,0.432,0.424,0.438,0.406,0.000,0.000,0.000,0.000,0.000,0.000,0.000,0.000,0.000,0.000,0.000,0.000,0.000,0.000,0.000
bbfdf49252139aecaf606478dbe29039803604ae,Alchemist Of HARRY POTTER,0.987,0.529,0.432,0.392,0.356,0.318,0.244,0.213,0.203,0.208,0.147,0.133,0.500,0.000,0.000,0.000,0.000,0.000,0.000,0.000,0.000,0.000,0.000,0.000,0.000
362902a5f0edf9862b88e64b166bdf3fa44487fc,Almighty Sword Domain,0.976,0.422,0.400,0.380,0.320,0.364,0.371,0.371,0.412,0.364,0.313,0.290,0.276,0.269,0.273,0.231,0.000,0.000,0.000,0.000,0.000,0.000,0.000,0.000,0.000