Max Hour,,,20,20,30,30,30,40,40,40,40,50,50,50,50,50,60,60,60,60,60,60,70,70,70,70,70,70,70,80,80,80,80,80,80,80,80,90,90,90,90,90,90,90,90,90,100,100,100,100,100,100,100,100,100,100
Benchmarks,,Romance,11680,59.60%,11680,59.60%,36.50%,11483,72.10%,54.60%,37.66%,11194,75.50%,62.40%,48.17%,37.22%,11194,75.50%,62.40%,48.17%,37.22%,30.46%,10715,77.40%,66.50%,54.99%,45.05%,37.09%,32.24%,10715,77.40%,66.50%,54.99%,45.05%,37.09%,32.24%,28.02%,10715,77.40%,66.50%,54.99%,45.05%,37.09%,32.24%,28.02%,23.89%,10546,77.36%,66.56%,55.08%,45.15%,37.16%,32.28%,28.06%,23.94%,20.32%
,,Fantasy,6510,66.90%,6510,66.90%,42.90%,6254,72.70%,54.10%,39.45%,5974,74.30%,58.10%,46.12%,37.45%,5974,74.30%,58.10%,46.12%,37.45%,34.06%,5374,76.00%,61.00%,50.56%,43.25%,39.28%,35.52%,5374,76.00%,61.00%,50.56%,43.25%,39.28%,35.52%,32.38%,5374,76.00%,61.00%,50.56%,43.25%,39.28%,35.52%,32.38%,30.39%,5374,75.98%,60.98%,50.56%,43.25%,39.28%,35.52%,32.38%,30.39%,27.50%
,,Romantasy,23184,51.00%,23184,51.00%,33.70%,22807,66.60%,48.60%,38.57%,22257,71.80%,57.20%,47.02%,36.87%,22220,71.70%,57.20%,47.00%,36.85%,30.65%,21064,74.40%,62.40%,53.62%,43.39%,36.43%,32.08%,20980,74.40%,62.40%,53.60%,43.39%,36.40%,32.04%,28.98%,20709,74.30%,62.20%,53.43%,43.25%,36.26%,31.91%,28.89%,26.44%,19892,73.84%,61.81%,53.07%,42.99%,36.01%,31.63%,28.64%,26.20%,22.06%
show_id,show_title,genre,H10_LDAU,H20_Retention,H10_LDAU,H20_Retention,H30_Retention,H10_LDAU,H20_Retention,H30_Retention,H40_Retention,H10_LDAU,H20_Retention,H30_Retention,H40_Retention,H50_Retention,H10_LDAU,H20_Retention,H30_Retention,H40_Retention,H50_Retention,H60_Retention,H10_LDAU,H20_Retention,H30_Retention,H40_Retention,H50_Retention,H60_Retention,H70_Retention,H10_LDAU,H20_Retention,H30_Retention,H40_Retention,H50_Retention,H60_Retention,H70_Retention,H80_Retention,H10_LDAU,H20_Retention,H30_Retention,H40_Retention,H50_Retention,H60_Retention,H70_Retention,H80_Retention,H90_Retention,H10_LDAU,H20_Retention,H30_Retention,H40_Retention,H50_Retention,H60_Retention,H70_Retention,H80_Retention,H90_Retention,H100_Retention
003c0c0b3759df17ce3f0b5feeeed123024f274d,The Invictus Mage Returns,Fantasy,228,0.5,221,0.493,0.158,,,,,,,,,,,,,,,,,,,,,,,,,,,,,,,,,,,,,,,,,,,,,,,,,
01f367b494a414fb7c994e946bddd99820cc7e28,The Dragon Prince’s Favor,Romantasy,8,0.625,7,0.571,0.143,0,,,,0,,,,,,,,,,,,,,,,,,,,,,,,,,,,,,,,,,,,,,,,,,,,
026a120c807e0094812e891c9140a3fd3d0f1d48,Vintage Heart,Romance,97,0.567,91,0.56,0.352,82,0.524,0.415,0.232,76,0.526,0.408,0.289,0.2237,72,0.5417,0.4028,0.2917,0.2222,0.125,13,0.4615,0.3846,0.2308,0.1538,0.1538,0.1538,0,,,,,,,,0,,,,,,,,,,,,,,,,,,
03488a9bdecaf176a7a11138160e470f361ce803,Reborn to Be His Wife,Romantasy,100,0.6,98,0.602,0.316,84,0.643,0.405,0.274,37,0.649,0.459,0.405,0.3514,37,0.6486,0.4595,0.4054,0.3514,0.0541,5,0.2,0.2,0.2,0.2,0.2,0,5,0.2,0.2,0.2,0.2,0.2,0,0,3,0.3333,0.3333,0.3333,0.3333,0.3333,0,0,0,3,0.3333,0.3333,0.3333,0.3333,0.3333,0,0,0,0
0433315d89000a02178e5d4fb75f31de3d906cff,Billionaire Secret Babies,Romance,74,0.514,74,0.514,0.311,,,,,,,,,,,,,,,,,,,,,,,,,,,,,,,,,,,,,,,,,,,,,,,,,
048b7efb083246fe7c75b60c3bccf0e015f15e03,Veterinarian Beast Master,Fantasy,21,0.381,21,0.381,0.19,3,0.667,0.333,0,2,1,0.5,0,0,,,,,,,,,,,,,,,,,,,,,,,,,,,,,,,,,,,,,,,,
05081ee1026b5a4754958dd34670379788a6d672,Billionaire Prison Bride,Romance,18,0.5,17,0.471,0.294,0,,,,,,,,,,,,,,,,,,,,,,,,,,,,,,,,,,,,,,,,,,,,,,,,
05808ad9143ee75794133fd50497137fea47e57b,Infinity Stars,Fantasy,239,0.854,227,0.855,0.67,200,0.86,0.72,0.46,183,0.858,0.727,0.497,0.3115,10,1,0.8,0.7,0.5,0.4,0,,,,,,,0,,,,,,,,0,,,,,,,,,,,,,,,,,,
06f83c7bf7296efe61da1c2da6e5c12e8e7d4aa8,Sigil of the Seven,Fantasy,2420,0.81,2419,0.81,0.523,2371,0.827,0.634,0.413,2303,0.83,0.653,0.487,0.3018,2013,0.8321,0.6503,0.4759,0.3194,0.2171,1722,0.8531,0.6707,0.5116,0.3775,0.2526,0.2218,1689,0.8538,0.6744,0.5121,0.3789,0.2552,0.2244,0.1978,1683,0.8532,0.6762,0.5122,0.3797,0.2555,0.2246,0.1979,0.1842,1294,0.8439,0.6692,0.5046,0.3771,0.2473,0.2187,0.1932,0.1793,0.1607
0b07b41ff930aa13e98588f626eef70da51bb47e,Debtbound Between Worlds,Fantasy,120,0.617,115,0.617,0.357,6,0.5,0.333,0.333,0,,,,,,,,,,,,,,,,,,,,,,,,,,,,,,,,,,,,,,,,,,,,
0b24baea319eafeca1995fb9b34e29d6ebfb9a50,Rejected Bride Returns,Romance,5,0.2,5,0.2,0,,,,,,,,,,,,,,,,,,,,,,,,,,,,,,,,,,,,,,,,,,,,,,,,,
0c7fa1a2b4bca0746ad0384d77796b98dd7d801c,Flash Marriage to My Ex’s Boss,Romance,57,0.439,57,0.439,0.263,57,0.474,0.298,0.193,,,,,,,,,,,,,,,,,,,,,,,,,,,,,,,,,,,,,,,,,,,,,
0d62d7798adbffba76234feba6e58e4a73a6baf8,Devil's Redemption,Fantasy,0,,0,,,,,,,,,,,,,,,,,,,,,,,,,,,,,,,,,,,,,,,,,,,,,,,,,,,
0db57923d2182ad47e7480030a03e05da109b1bf,The Ceo's Borrowed Beauty,Romance,92,0.685,57,0.667,0.316,5,0.8,0.6,0.6,2,0.5,0.5,0.5,0.5,,,,,,,,,,,,,,,,,,,,,,,,,,,,,,,,,,,,,,,,
0f3d56fd651e66eb62e990fd31d006aa80eaab5f,The Forsaken Tamer,System and Superpower,74,0.459,74,0.459,0.135,70,0.471,0.171,0.071,0,,,,,,,,,,,,,,,,,,,,,,,,,,,,,,,,,,,,,,,,,,,,
0fadc6da7c4d814463023dc7ffd8be44c68fa457,From Ceo to Young Lord,Fantasy,284,0.539,278,0.529,0.277,188,0.537,0.367,0.133,2,0.5,0.5,0.5,0.5,0,,,,,,0,,,,,,,,,,,,,,,,,,,,,,,,,,,,,,,,,
114fed9f0540f90ccc58d03a383c7c69260baeae,Mother's Murder & Secrets,Suspense or Thriller,54,0.5,54,0.5,0.315,53,0.509,0.377,0.208,52,0.5,0.385,0.231,0.0962,38,0.4211,0.3158,0.1842,0.0526,0.0263,16,0.3125,0.1875,0.1875,0.0625,0.0625,0.0625,7,0.4286,0.4286,0.4286,0.1429,0.1429,0.1429,0.1429,2,0,0,0,0,0,0,0,0,0,,,,,,,,,
123964565c4c79c7f1a3737171a0125020300913,My Alien Boxing System,Fantasy,81,0.481,80,0.488,0.163,66,0.455,0.197,0.091,0,,,,,0,,,,,,,,,,,,,,,,,,,,,,,,,,,,,,,,,,,,,,,
158669d764d53a995f111683b8700642d7c4847c,The Silent Wife Strikes,Romance,21,0.524,20,0.5,0.4,19,0.526,0.421,0,,,,,,,,,,,,,,,,,,,,,,,,,,,,,,,,,,,,,,,,,,,,,
170bf0ee514e18fe892383ebee0f53a0f634136f,Started From the Bottom,Drama,804,0.598,804,0.598,0.274,638,0.688,0.553,0.265,524,0.7,0.586,0.391,0.2424,524,0.7004,0.5859,0.3912,0.2424,0.1832,280,0.7607,0.6393,0.5179,0.3536,0.275,0.2071,280,0.7607,0.6393,0.5179,0.3536,0.275,0.2071,0.175,280,0.7607,0.6393,0.5179,0.3536,0.275,0.2071,0.175,0.1643,280,0.7607,0.6393,0.5179,0.3536,0.275,0.2071,0.175,0.1643,0.1429
184b660f61809850b4478d5bf89e9d10794578ee,Playing with Fire,Romance,7,0.429,7,0.429,0.143,,,,,,,,,,,,,,,,,,,,,,,,,,,,,,,,,,,,,,,,,,,,,,,,,
19153cd9dd2e137f1311235c9104db0ecba38abb,My Apex Trading System,Sci-Fi,10,0.4,8,0.375,0.125,0,,,,,,,,,,,,,,,,,,,,,,,,,,,,,,,,,,,,,,,,,,,,,,,,
1a5df306886a7b0e7736ec2c8efad3467507a1c6,Billionaire Bentley’s Runaway Princess,Romance,258,0.453,258,0.453,0.314,,,,,,,,,,,,,,,,,,,,,,,,,,,,,,,,,,,,,,,,,,,,,,,,,
1b5acb214bfe00156d933b176eef6987dcf9aa8c,The Night Forgotten by Us,Romance,108,0.694,97,0.67,0.464,0,,,,,,,,,,,,,,,,,,,,,,,,,,,,,,,,,,,,,,,,,,,,,,,,
1b7d7de6c90d2460cfe3da014469e3c056fec830,The Ceo's Secret Babies,Romance,35,0.371,35,0.371,0.143,34,0.412,0.118,0.059,23,0.522,0.261,0.13,0.0435,21,0.5238,0.2857,0.1429,0.0476,0,21,0.5238,0.2857,0.1905,0.0476,0,0,0,,,,,,,,,,,,,,,,,,,,,,,,,,
1b7d89c237c133e6c5b15db13e684c2e1f3688e1,War God of the Red Sea!,Drama,10,0.7,1,1,0,,,,,,,,,,,,,,,,,,,,,,,,,,,,,,,,,,,,,,,,,,,,,,,,,
1c56eb2cce6609cb207d235ae3464f7759d4cb84,Rage of the Heiress,Drama,527,0.74,524,0.744,0.454,231,0.71,0.541,0.42,204,0.691,0.525,0.456,0.3578,193,0.6891,0.5181,0.4508,0.3627,0.2902,186,0.6882,0.5269,0.4409,0.3978,0.3387,0.2796,178,0.6798,0.5112,0.427,0.3876,0.3371,0.2809,0.2584,33,0.6061,0.3939,0.3636,0.3333,0.3333,0.3333,0.2424,0.2424,9,0.7778,0.3333,0.3333,0.2222,0.3333,0.3333,0.2222,0.2222,0.2222
1ca4f3c3b8e200f37ec14ed7a11442df6a65f4e6,Unstoppable Cultivator,Fantasy,73,0.521,70,0.543,0.243,4,0.75,0.75,0.5,3,1,1,0.667,0,0,,,,,,0,,,,,,,0,,,,,,,,,,,,,,,,,,,,,,,,,,
1d8b1f39e146ede1f7528763445a7a47aad10b05,Love and Heartbroken,System and Superpower,76,0.368,76,0.368,0.132,66,0.379,0.182,0.076,41,0.39,0.146,0.073,0.0732,1,0,0,0,0,0,0,,,,,,,,,,,,,,,,,,,,,,,,,,,,,,,,,
1e1205d9e93348005e7eb4b2e071c8c63b7914ca,The Heart's Captive,Romantasy,22,0.227,22,0.227,0.091,22,0.273,0.091,0,,,,,,,,,,,,,,,,,,,,,,,,,,,,,,,,,,,,,,,,,,,,,
1e2b4197fd4a9f595c560bc8d4530339758b031a,Becoming Garrison Green,Drama,235,0.634,232,0.634,0.302,12,0.667,0.583,0.083,2,0,0,0,0,0,,,,,,,,,,,,,,,,,,,,,,,,,,,,,,,,,,,,,,,
1e8c33b5d824973efcdca4b5194f961aed4ba258,Mafia's Reluctant Bride,Romance,21,0.714,8,0.875,0.625,,,,,,,,,,,,,,,,,,,,,,,,,,,,,,,,,,,,,,,,,,,,,,,,,
1f78098e196cc2154bbadfe054e0bdd13c10fa60,The Marriage Timer,Romance,251,0.414,243,0.416,0.21,,,,,,,,,,,,,,,,,,,,,,,,,,,,,,,,,,,,,,,,,,,,,,,,,
2039c770620dbd485e50118a476f0b91b4bd035b,Princess Ebony & the Silver Dragon - Remastered Edition,Fantasy,3272,0.811,3272,0.811,0.545,2960,0.832,0.683,0.382,2687,0.833,0.704,0.505,0.3044,2680,0.8332,0.7041,0.5052,0.3049,0.2052,2264,0.8445,0.7107,0.5521,0.3989,0.2496,0.1829,2199,0.8445,0.7117,0.5507,0.397,0.2487,0.1814,0.1473,2126,0.8452,0.7131,0.5503,0.3951,0.2455,0.1792,0.1453,0.1091,1967,0.8465,0.7143,0.5491,0.3889,0.2369,0.1713,0.1403,0.1063,0.0625
215d4622bad0b1fca5cb36bca9f92b3c41d21f7e,Aiden's Regression,System and Superpower,124,0.605,114,0.623,0.263,0,,,,,,,,,,,,,,,,,,,,,,,,,,,,,,,,,,,,,,,,,,,,,,,,
2217881cc8f3c05fb3e0dbf70a118129e4e12471,Sevenfold Saint's Rise,Fantasy,7,0.143,7,0.143,0.143,0,,,,0,,,,,,,,,,,,,,,,,,,,,,,,,,,,,,,,,,,,,,,,,,,,
23200139c53ab123429a0f621a7519272bf21ea7,The Fae Lycan Abomination,Fantasy,4,0.5,3,0.667,0.667,0,,,,,,,,,,,,,,,,,,,,,,,,,,,,,,,,,,,,,,,,,,,,,,,,
234ed47144507d63e9a903acfe37512c24bc9290,Twists of Love & Revenge,Drama,11363,0.711,11360,0.711,0.464,11129,0.783,0.638,0.435,10913,0.802,0.68,0.534,0.4201,10906,0.8019,0.6797,0.5344,0.42,0.3553,10724,0.8105,0.7007,0.5709,0.491,0.4168,0.3544,10400,0.8133,0.7068,0.5788,0.4972,0.4212,0.3578,0.3228,10201,0.815,0.7099,0.5829,0.5007,0.4239,0.3601,0.325,0.2996,9553,0.8157,0.7116,0.5852,0.5028,0.4246,0.3596,0.3248,0.2987,0.2568
239987644f409ac822be4ca9051a98eb8bf7e766,The Silent Rebirth,Romantasy,1262,0.685,1252,0.685,0.429,1117,0.736,0.558,0.387,922,0.76,0.608,0.489,0.3753,769,0.7685,0.619,0.5202,0.4096,0.3303,655,0.771,0.6275,0.5405,0.484,0.4198,0.3588,544,0.7757,0.6415,0.5533,0.5055,0.443,0.3897,0.3254,439,0.7836,0.6697,0.5718,0.5239,0.4579,0.4009,0.3554,0.303,308,0.7955,0.6948,0.6039,0.5357,0.4675,0.4156,0.3669,0.3409,0.2727
239fafc880752526fba110a11c49b101aec7192f,Mama's Lil Kings,Drama,1172,0.74,1172,0.74,0.436,819,0.779,0.696,0.418,599,0.78,0.72,0.561,0.4057,599,0.7796,0.7195,0.5609,0.4057,0.2788,404,0.8168,0.7525,0.6535,0.5347,0.3861,0.3144,404,0.8168,0.7525,0.6535,0.5347,0.3861,0.3144,0.2797,404,0.8168,0.7525,0.6535,0.5347,0.3861,0.3144,0.2797,0.2401,404,0.8168,0.7525,0.6535,0.5347,0.3861,0.3144,0.2797,0.2401,0.2178
23a0bb3d5deb8d4707bdb34175170e288d724c97,System of Super Tech,System and Superpower,14,0.429,13,0.462,0.231,,,,,,,,,,,,,,,,,,,,,,,,,,,,,,,,,,,,,,,,,,,,,,,,,
247dcedeaecc161909c6ddd57b599f4e38d758d8,A Christmas of Betrayals,Romance,24,0.583,19,0.737,0.263,,,,,,,,,,,,,,,,,,,,,,,,,,,,,,,,,,,,,,,,,,,,,,,,,
248aae390e84177edc04ecc06fac6c17aed375ff,Silver Onyx: Dragonbound,Romantasy,22,0.818,,,,,,,,,,,,,,,,,,,,,,,,,,,,,,,,,,,,,,,,,,,,,,,,,,,,
248ba0ec55862a22dd7993c8b49d5f052ce03954,The Silent Sovereign,Fantasy,16,0.5,16,0.5,0.188,2,0.5,0.5,0.5,0,,,,,0,,,,,,0,,,,,,,0,,,,,,,,,,,,,,,,,,,,,,,,,,
26e1fd07be016edcad6988356011ef8b49038bd1,The Last Anniversary Lie,Romance,98,0.327,97,0.32,0.134,0,,,,,,,,,,,,,,,,,,,,,,,,,,,,,,,,,,,,,,,,,,,,,,,,
2804c5c0d94ac97e4b67564cc852e784e64583e5,Rebirth in Beauty,Fantasy,5,0.4,5,0.4,0.2,0,,,,,,,,,,,,,,,,,,,,,,,,,,,,,,,,,,,,,,,,,,,,,,,,
2969766ce2d0cd5c21da961666ea357622d5d073,The Magical Mystic Master,Fantasy,98,0.439,95,0.453,0.295,80,0.475,0.363,0.263,40,0.625,0.55,0.45,0.075,3,1,1,1,1,0,2,1,1,1,1,0,0,2,1,1,1,1,0,0,0,,,,,,,,,,,,,,,,,,,
29b6547143fa9e79e6e0d3e0463e7b79ac00c7fd,"Love, Revenge & My Past",Romance,77,0.494,76,0.487,0.132,70,0.471,0.2,0.057,24,0.458,0.25,0.083,0.0833,,,,,,,,,,,,,,,,,,,,,,,,,,,,,,,,,,,,,,,,
2a8120a20d0bebaa0f325746e4058859d5e610ee,Cultivated Love,Romance,6,0.333,5,0.4,0.2,4,0.75,0.25,0,3,0.667,0.333,0,0,2,1,0.5,0,0,0,0,,,,,,,,,,,,,,,,,,,,,,,,,,,,,,,,,
2b967281ca19c941aa99d03c959adaf6349da9b3,The Unlikely Heiress,Romance,1447,0.63,1447,0.63,0.352,1437,0.672,0.468,0.322,1200,0.695,0.519,0.418,0.1967,576,0.7257,0.5521,0.4497,0.2622,0.0851,88,0.6932,0.5795,0.4545,0.3182,0.2159,0.0568,,,,,,,,,,,,,,,,,,,,,,,,,,,
2fb79ac2c90574002aaeec2f842f6693eb8ff7c2,Dear Boss,Romance,56,0.482,56,0.482,0.375,0,,,,0,,,,,0,,,,,,0,,,,,,,,,,,,,,,,,,,,,,,,,,,,,,,,,
31b86ee5ffeadf52fab3148c3add083a2f90b442,Enchanted by Blood ,Romantasy,1,1,1,1,1,0,,,,0,,,,,,,,,,,,,,,,,,,,,,,,,,,,,,,,,,,,,,,,,,,,
31e58f7ec421b1daaed1f4ac654ecd9eb855bc93,The Forsaken Path,Fantasy,33,0.364,32,0.344,0.188,2,0.5,0.5,0.5,0,,,,,,,,,,,,,,,,,,,,,,,,,,,,,,,,,,,,,,,,,,,,
328a6c95d732271bc4717aa2abf3a7c15f89a25e,Braving the Rapid Waters,Romance,80,0.463,79,0.456,0.228,78,0.449,0.256,0.051,0,,,,,,,,,,,,,,,,,,,,,,,,,,,,,,,,,,,,,,,,,,,,
328d4b017d5db890a886902acdade960088fb3d8,Her Worthless Son-in-Law,System and Superpower,44,0.545,42,0.548,0.31,16,0.688,0.375,0.313,0,,,,,0,,,,,,0,,,,,,,,,,,,,,,,,,,,,,,,,,,,,,,,,
33e8ab0db9ae32917785af78276932f16eac10c0,The Crowns Selection,Romance,8,0.875,6,1,0.667,0,,,,0,,,,,,,,,,,,,,,,,,,,,,,,,,,,,,,,,,,,,,,,,,,,
344fcbb2ea419c5e240def842cb2949db59acee4,Gate of Immortality,Drama,12,0.583,9,0.444,0.111,6,0.333,0.333,0.167,4,0.25,0.25,0,0,4,0.25,0.25,0,0,0,1,0,0,0,0,0,0,1,0,0,0,0,0,0,0,1,0,0,0,0,0,0,0,0,,,,,,,,,,
34997bc4167305107b251e0bf8431553064ef3a5,The Ghost Heiress,Romance,18,0.556,5,0.4,0.2,0,,,,,,,,,,,,,,,,,,,,,,,,,,,,,,,,,,,,,,,,,,,,,,,,
34f2f307c600eaadeadd185f5681a891034fb635,Complete Deception,Romance,59,0.458,59,0.458,0.136,31,0.516,0.161,0.032,31,0.516,0.226,0.032,0.0323,30,0.5,0.2333,0.0333,0.0333,0.0333,26,0.4615,0.1538,0.0385,0.0385,0.0385,0.0385,16,0.4375,0.125,0,0,0,0,0,,,,,,,,,,,,,,,,,,,
362902a5f0edf9862b88e64b166bdf3fa44487fc,Almighty Sword Domain,Fantasy,5,1,5,1,1,5,1,1,0.8,5,1,1,0.8,0.8,2,1,1,1,1,0.5,0,,,,,,,0,,,,,,,,0,,,,,,,,,0,,,,,,,,,
37a4619595e440ac361cdc0df4d1bd0a9bd5d60c,The Bloodline Copy System,System and Superpower,115,0.374,94,0.394,0.128,25,0.52,0.2,0.12,18,0.5,0.111,0.111,0.0556,13,0.4615,0.0769,0.0769,0.0769,0.0769,4,0.25,0.25,0.25,0.25,0.25,0.25,0,,,,,,,,0,,,,,,,,,,,,,,,,,,
381f2f23cfe6043e04a4a705bfde2d0832cb6847,The Personal Maid,Romance,7,0.429,7,0.429,0.143,,,,,,,,,,,,,,,,,,,,,,,,,,,,,,,,,,,,,,,,,,,,,,,,,
3a6212d18e444c9585676ce7dba35b7111dd1613,King of Throne,Fantasy,0,,0,,,,,,,,,,,,,,,,,,,,,,,,,,,,,,,,,,,,,,,,,,,,,,,,,,,
3b626e0d14c34edb82f4b215f3b8d2e50455bbdd,His Lady Boss Is a Mafia,Romance,95,0.695,3,0.667,0.333,,,,,,,,,,,,,,,,,,,,,,,,,,,,,,,,,,,,,,,,,,,,,,,,,
3c57dd9bd6f929bdb36d8716aa9f261a72778e24,Resurrected as a Secret Billionaire Liam Carson,Fantasy,5079,0.75,5079,0.75,0.449,5060,0.79,0.59,0.414,5049,0.799,0.632,0.503,0.3185,4922,0.7999,0.6335,0.5055,0.3265,0.2389,4735,0.8101,0.6564,0.5468,0.403,0.2971,0.242,4559,0.812,0.6605,0.5512,0.4058,0.2992,0.2514,0.2051,4329,0.814,0.6651,0.5535,0.4077,0.2989,0.2546,0.216,0.1557,3971,0.8147,0.6676,0.5558,0.4092,0.2964,0.2513,0.2211,0.1697,0.1073
4010f733ac400156fd9f4d75852b8ebdeabe1689,My Ceo Husband's Secret,Romance,97,0.588,93,0.581,0.398,40,0.85,0.725,0.775,30,0.8,0.7,0.767,0.6,17,0.8235,0.7059,0.7647,0.5882,0.2353,5,0.8,0.8,0.8,0.6,0.2,0.2,4,0.75,0.75,0.75,0.5,0,0,0,,,,,,,,,,,,,,,,,,,
4056d8e031445adbb80d52b1fd723609be585a3b,Only Boy on the Bus,Fantasy,110,0.727,110,0.727,0.245,,,,,,,,,,,,,,,,,,,,,,,,,,,,,,,,,,,,,,,,,,,,,,,,,
40e06046d3679811f910f8beed9306369f59c60e,Lycan Unity Academy,Romantasy,205,0.693,193,0.694,0.373,14,0.929,0.571,0.143,2,1,1,1,0.5,0,,,,,,0,,,,,,,,,,,,,,,,,,,,,,,,,,,,,,,,,
41afeacb4e481e249d618ae39936f1173864e026,Disguised Successor,Drama,114,0.544,114,0.544,0.237,110,0.564,0.264,0.136,0,,,,,0,,,,,,,,,,,,,,,,,,,,,,,,,,,,,,,,,,,,,,,
41fe3152f98c34f655d93ac2fc85bf506eac3371,Owen & Liam,Romance,5010,0.661,4938,0.659,0.396,4641,0.731,0.553,0.346,4352,0.747,0.605,0.446,0.3247,4148,0.744,0.6041,0.4446,0.3197,0.2613,3907,0.7507,0.6225,0.4884,0.3762,0.2972,0.2603,3630,0.7534,0.6273,0.4939,0.3793,0.2986,0.2617,0.232,3282,0.7486,0.6228,0.4881,0.3717,0.2885,0.2508,0.2215,0.2041,2940,0.75,0.6242,0.4874,0.3718,0.2871,0.2493,0.2197,0.2014,0.1881
424b450dc35cc4bf4fc088069830e978aa97884a,The Alpha's Witch,Romantasy,176,0.432,173,0.428,0.249,162,0.451,0.321,0.222,5,0.8,0.8,0.8,0.6,0,,,,,,0,,,,,,,,,,,,,,,,,,,,,,,,,,,,,,,,,
42515091e7b47b7b2d2381d7512fdb9f9866aa1e,The Tomboy Love Story,Romance,125,0.704,109,0.78,0.394,99,0.778,0.444,0.343,73,0.836,0.452,0.384,0.274,60,0.8167,0.4333,0.35,0.2333,0.2,0,,,,,,,,,,,,,,,,,,,,,,,,,,,,,,,,,
4335258b71733375cbccc0fbf7ce0bf0975b095d,Alex & the Prison System,System and Superpower,344,0.512,341,0.51,0.349,18,0.444,0.389,0.278,4,0.5,0.5,0.5,0,0,,,,,,0,,,,,,,,,,,,,,,,,,,,,,,,,,,,,,,,,
43de49339ed40a2c4d8acef5644870ce292f541e,Second Chances: Reborn to Be a CEO’s Wife,Romance,119,0.395,119,0.395,0.076,,,,,,,,,,,,,,,,,,,,,,,,,,,,,,,,,,,,,,,,,,,,,,,,,
442d4dce8ca376c2bb4438209980daa53b761b51,Rejected and Craved,Romantasy,157,0.503,148,0.486,0.162,,,,,,,,,,,,,,,,,,,,,,,,,,,,,,,,,,,,,,,,,,,,,,,,,
446d5769edafce0d5daf04c6cfc40515f289004f,The Cloaked Mogul,Drama,1758,0.804,1754,0.804,0.558,1558,0.831,0.678,0.37,1279,0.851,0.713,0.486,0.3901,1274,0.8509,0.7135,0.4867,0.3901,0.2896,1168,0.8527,0.7226,0.5274,0.4495,0.3553,0.2757,1164,0.8531,0.7225,0.5258,0.4493,0.3557,0.2758,0.201,904,0.8529,0.74,0.5398,0.4546,0.3573,0.2832,0.2102,0.1139,54,0.7963,0.6481,0.5,0.4259,0.3333,0.2593,0.2037,0.1852,0.1852
44c616c59b6b2cd7fcb80263ece968b250ad9dbe,Supreme Miracle Doctor,Drama,15,0.533,9,0.556,0.222,2,1,1,0.5,0,,,,,0,,,,,,0,,,,,,,0,,,,,,,,,,,,,,,,,,,,,,,,,,
44f5a6fb4876567a5eec3722df1d0a3d436d8bdf,Alpha Kyros,Romantasy,1212,0.656,1207,0.655,0.125,284,0.673,0.338,0.106,0,,,,,0,,,,,,,,,,,,,,,,,,,,,,,,,,,,,,,,,,,,,,,
462b561ac0c6d238fc5ed6d8ce632a9e6a2152d9,My Billionaire System,System and Superpower,16,0.438,12,0.25,0.083,,,,,,,,,,,,,,,,,,,,,,,,,,,,,,,,,,,,,,,,,,,,,,,,,
46b27558432dbda1475a912729ae1e1dee8ac6fa,Secrets of Thunder Eyes ,Fantasy,3,1,3,1,0.333,2,1,1,0.5,2,1,1,0.5,0.5,2,1,1,0.5,0.5,0.5,2,1,1,0.5,0.5,0.5,0.5,2,1,1,0.5,0.5,0.5,0.5,0,1,1,1,0,0,0,0,0,0,1,1,1,0,0,0,0,0,0,0
48b422f2dbf0dc909fde9fadad832fde3d20f4a4,Bride of the Ice Ceo,Romance,193,0.617,186,0.608,0.258,165,0.618,0.388,0.188,6,0.833,0.667,0.333,0,0,,,,,,,,,,,,,,,,,,,,,,,,,,,,,,,,,,,,,,,
4a310051c4c56c2fab46c3a7f528a09901399ecd,Strongest Warlock ,Fantasy,12000,0.709,12000,0.709,0.438,11703,0.77,0.558,0.405,11360,0.784,0.606,0.478,0.3649,11360,0.7843,0.6056,0.4784,0.3649,0.304,11096,0.791,0.6294,0.517,0.4163,0.3418,0.3046,11096,0.791,0.6294,0.517,0.4163,0.3418,0.3046,0.2769,11096,0.791,0.6294,0.517,0.4163,0.3418,0.3046,0.2769,0.2515,11096,0.791,0.6294,0.517,0.4163,0.3418,0.3046,0.2769,0.2515,0.2118
4b2d918a2f639175cf29754151e058356b36f273,Surviving Zombies Rising,Sci-Fi,16,0.813,12,0.917,0.417,,,,,,,,,,,,,,,,,,,,,,,,,,,,,,,,,,,,,,,,,,,,,,,,,
4bb85319b3dd3ab4ec654bdd13098e3f37cb3e3b,Shadowed Wealth,System and Superpower,34,0.441,34,0.441,0.088,,,,,,,,,,,,,,,,,,,,,,,,,,,,,,,,,,,,,,,,,,,,,,,,,
4d01d84cdfff217f33b380cdb07a2a1c706749ea,The Fifth Bride,Suspense or Thriller,22,0.364,16,0.375,0.063,,,,,,,,,,,,,,,,,,,,,,,,,,,,,,,,,,,,,,,,,,,,,,,,,
4d887dec2a071a00150fdcd6417f16bcaf5f02b0,Loving Nathaniel Hawthorne: The Billionaire Playboy,Romance,4042,0.674,4042,0.674,0.344,4011,0.741,0.512,0.307,3980,0.755,0.563,0.395,0.2829,3980,0.7548,0.5633,0.3947,0.2829,0.2432,3936,0.7642,0.5879,0.4421,0.3407,0.279,0.248,3913,0.7641,0.5873,0.4416,0.3407,0.2788,0.2479,0.2244,3665,0.761,0.5883,0.4434,0.3402,0.2764,0.2458,0.2224,0.1986,3357,0.7575,0.5886,0.4433,0.3417,0.2782,0.2464,0.224,0.2002,0.1862
4e3bbfc86993cf8c574bdebca34a49627f4a386a,Our Beloved Villains ,Fantasy,6,0.167,5,0.2,0,5,0.2,0,0,,,,,,,,,,,,,,,,,,,,,,,,,,,,,,,,,,,,,,,,,,,,,
4e767fe3eae1eb30991fabcb73be16e9925ab124,The Ill-Fated Aristocrat,Romance,169,0.734,150,0.74,0.433,132,0.742,0.538,0.318,12,0.5,0.083,0.083,0,5,0.6,0.2,0,0,0,1,0,0,0,0,0,0,0,,,,,,,,0,,,,,,,,,0,,,,,,,,,
4e82e5be987e78daa5bb2bb67006b68256170925,Machine Invasion,System and Superpower,287,0.721,90,0.756,0.311,1,1,1,1,,,,,,,,,,,,,,,,,,,,,,,,,,,,,,,,,,,,,,,,,,,,,
4e8fc1ec90ca0e70f873bdd45aea984fc56b5c89,When Strangers Say I Do,Drama,28,0.321,26,0.346,0.154,4,0.5,0.25,0,0,,,,,,,,,,,,,,,,,,,,,,,,,,,,,,,,,,,,,,,,,,,,
4ef829b74ddfb2f550d1c5ceb22a6d68f5936dff,The Mad Alpha’s True Luna,Romantasy,9,0.667,0,,,,,,,,,,,,,,,,,,,,,,,,,,,,,,,,,,,,,,,,,,,,,,,,,,,
4fed71af64877bcaf79252f171bf022a3b80e926,Doomsday Hoarder,Fantasy,22,0.545,22,0.545,0.273,,,,,,,,,,,,,,,,,,,,,,,,,,,,,,,,,,,,,,,,,,,,,,,,,
514efd834428337923e640a1254ea9d7477b18b3,Bride of a Dragon,Romantasy,5079,0.77,4923,0.772,0.529,2713,0.841,0.752,0.556,1643,0.869,0.792,0.682,0.5137,996,0.8604,0.7992,0.6767,0.511,0.4046,384,0.8698,0.8203,0.7266,0.5651,0.4427,0.3438,0,,,,,,,,0,,,,,,,,,,,,,,,,,,
5269f35d5665dd7c25aa81eac9fa9e452b693897,Her Royal Vampire,Romantasy,265,0.626,263,0.624,0.297,171,0.626,0.433,0.17,27,0.593,0.444,0.259,0.1111,14,0.5714,0.4286,0.2143,0.1429,0.1429,3,0.3333,0.3333,0.3333,0.3333,0.3333,0.3333,0,,,,,,,,0,,,,,,,,,0,,,,,,,,,
5276da779c8fe48836102d34eea2143d4421865c,The Single Father's Surrender,Romance,14,0.5,14,0.5,0.143,4,0.5,0,0,4,0.5,0,0,0,0,,,,,,,,,,,,,,,,,,,,,,,,,,,,,,,,,,,,,,,
53bd90147df4228136243c0a218345e3a338b8c1,His Abandoned Wife,Romance,0,,0,,,,,,,,,,,,,,,,,,,,,,,,,,,,,,,,,,,,,,,,,,,,,,,,,,,
54a2cb963cd2e93491b9f03d9cf379ed72d3271f,The One He Can't Break,Romance,44,0.477,36,0.5,0.333,15,0.867,0.533,0.533,6,1,0.5,0.5,0.5,1,1,0,0,0,0,,,,,,,,,,,,,,,,,,,,,,,,,,,,,,,,,,
55254a77c40862bb825ededf69a85438157d664f,The Billionaire With Mask,Drama,18,0.667,11,0.818,0.364,11,0.818,0.455,0.455,9,0.889,0.444,0.444,0.1111,3,1,0,0,0,0,,,,,,,,,,,,,,,,,,,,,,,,,,,,,,,,,,
559db21e99cf5bc0720a814784386a0617e020b9,The Reborn Sovereign,Fantasy,328,0.704,318,0.701,0.465,293,0.727,0.563,0.352,266,0.729,0.575,0.376,0.2744,17,0.7059,0.4706,0.3529,0.1765,0.1765,0,,,,,,,0,,,,,,,,0,,,,,,,,,,,,,,,,,,
562f725dcc83392df0b3d429b6d1ff538f81e71b,Their Contracted Hearts,Romance,142,0.401,141,0.404,0.177,124,0.419,0.226,0.073,14,0.5,0.286,0.071,0,0,,,,,,0,,,,,,,,,,,,,,,,,,,,,,,,,,,,,,,,,
56fd2f13dbccca0c55f9b02f7334d302737ec3df,Heaven-Shaking Doctor,Drama,49,0.347,47,0.34,0.085,,,,,,,,,,,,,,,,,,,,,,,,,,,,,,,,,,,,,,,,,,,,,,,,,
5710ee62e2cd01947d8f11e6bcaaa653fd1281b2,The Greatest Son-in-Law,Drama,9,0.444,7,0.571,0.429,0,,,,0,,,,,,,,,,,,,,,,,,,,,,,,,,,,,,,,,,,,,,,,,,,,
57c4ad36d88c94c3d6132c931c371b08f21ab0e1,Warlord of the Frozen Daw,Drama,4,0.75,4,0.75,0.5,2,1,1,0.5,,,,,,,,,,,,,,,,,,,,,,,,,,,,,,,,,,,,,,,,,,,,,
57e670da35fed12abf270953b1cf3cf942fc89e1,"You Are Mine Alone, Love",Romance,12,0.583,12,0.583,0.417,5,0.6,0.4,0.2,0,,,,,0,,,,,,,,,,,,,,,,,,,,,,,,,,,,,,,,,,,,,,,
57ebfa5b58a3257a521a5b9c12c5af19771e4403,Unmasking the Bride,Romance,7,0.286,6,0.333,0,,,,,,,,,,,,,,,,,,,,,,,,,,,,,,,,,,,,,,,,,,,,,,,,,
5843f25ac24c8ba34301e2cfe9e73ddc0bfd8fc7,The Fire Reborn Xavier,System and Superpower,41,0.512,39,0.513,0.333,26,0.654,0.538,0.308,19,0.579,0.526,0.316,0.2105,10,0.5,0.4,0.1,0,0,0,,,,,,,,,,,,,,,,,,,,,,,,,,,,,,,,,
596d213162507bbf543b3c2a618f8bb54acd4623,Echoes of Regrets,Romance,10,0.6,9,0.667,0.444,1,0,0,0,0,,,,,0,,,,,,0,,,,,,,0,,,,,,,,0,,,,,,,,,0,,,,,,,,,
5c0a4a3bda3c16a4ed94c8945bade52e165a2848,Bound to Reclusive Alpha,Fantasy,76,0.5,76,0.5,0.184,13,0.308,0.154,0,2,0.5,0,0,0,1,0,0,0,0,0,0,,,,,,,,,,,,,,,,,,,,,,,,,,,,,,,,,
5cf4b46f18d6bb7294440595874ef70922a2b9a3,Alabama Royal,Romance,84,0.75,71,0.761,0.408,0,,,,,,,,,,,,,,,,,,,,,,,,,,,,,,,,,,,,,,,,,,,,,,,,
5d4e7e8696e74e383e0ea0e4f4f535ba9758496a,Who Fathered My Twins,Romance,27,0.296,22,0.273,0.091,15,0.333,0.067,0.067,,,,,,,,,,,,,,,,,,,,,,,,,,,,,,,,,,,,,,,,,,,,,
5e570d3fccfb5029774b4d9f9669429f580d0791,Princess Ebony & the Silver Dragon,Fantasy,2111,0.545,2111,0.545,0.306,2111,0.702,0.479,0.346,2111,0.735,0.574,0.431,0.3288,2111,0.7352,0.5741,0.4306,0.3288,0.253,1885,0.7459,0.6127,0.5024,0.3942,0.2934,0.2239,1555,0.7402,0.6129,0.5029,0.3949,0.2887,0.2199,0.1839,1048,0.7615,0.6279,0.521,0.4036,0.2739,0.2052,0.1737,0.1479,745,0.7745,0.6564,0.5396,0.4268,0.2832,0.2067,0.1758,0.1503,0.098
600fd3dce36442cc62b42d3dc874d91d13e1d8e4,Solo Leveling Respawn,System and Superpower,4,0.75,4,0.75,0.25,4,0.75,0.25,0,4,1,0.5,0,0.25,3,1,0.6667,0,0.3333,0.3333,2,1,0.5,0,0,0,0,2,1,0.5,0,0,0,0,0,,,,,,,,,,,,,,,,,,,
607c0f609185406d26ef53f75ec53702dfb292d7,The Chaosborn Child,Fantasy,4,0.25,2,0.5,0,2,0.5,0,0,,,,,,,,,,,,,,,,,,,,,,,,,,,,,,,,,,,,,,,,,,,,,
616431aa030a50bfb34a59a1919f5a8db0c29017,She Came Back Fabulous,Romance,24,0.583,15,0.467,0.267,0,,,,,,,,,,,,,,,,,,,,,,,,,,,,,,,,,,,,,,,,,,,,,,,,
6214ecac2801afde28aa63c555faf06203321c85,Love Behind the Screen,Romance,144,0.549,144,0.549,0.278,113,0.593,0.407,0.239,99,0.596,0.414,0.283,0.2121,13,0.5385,0.3077,0.2308,0.0769,0.0769,1,0,0,0,0,0,0,0,,,,,,,,0,,,,,,,,,0,,,,,,,,,
622c96a576425047d6bff8447205921132d7f61c,The Exit Nobody Expected,Suspense or Thriller,0,,0,,,0,,,,,,,,,,,,,,,,,,,,,,,,,,,,,,,,,,,,,,,,,,,,,,,,
6346e154f10078de4f17cbc6268066519b02789f,Doctor Young,Suspense or Thriller,19,0.737,19,0.737,0.316,17,0.765,0.529,0.353,,,,,,,,,,,,,,,,,,,,,,,,,,,,,,,,,,,,,,,,,,,,,
646112abf2d6a5c232155a853f029ad1737b504e,Gatebreak,Fantasy,212,0.642,212,0.642,0.387,204,0.647,0.466,0.284,199,0.638,0.467,0.307,0.2563,199,0.6382,0.4673,0.3065,0.2563,0.206,138,0.6522,0.4565,0.3116,0.2609,0.2319,0.1449,13,0.9231,0.6923,0.6154,0.5385,0.6154,0.4615,0.3846,0,,,,,,,,,0,,,,,,,,,
6537ebcf99ebb2572c378cc92edd07b6d165b13b,The Legendary Beast Archi,Fantasy,4,0.25,4,0.25,0.25,0,,,,,,,,,,,,,,,,,,,,,,,,,,,,,,,,,,,,,,,,,,,,,,,,
66e5597d741c6d87c2bc8e35ec83065242c0e34d,Sky Lord,Fantasy,61,0.557,58,0.552,0.362,,,,,,,,,,,,,,,,,,,,,,,,,,,,,,,,,,,,,,,,,,,,,,,,,
69e29d606b65c300fffe9a9af149d4b81b170a78,Unexpectedly Entwined,Romance,21,0.571,20,0.6,0.35,12,0.75,0.417,0.333,9,0.889,0.444,0.333,0.4444,3,0.6667,0,0,0,0,1,0,0,0,0,0,0,,,,,,,,,,,,,,,,,,,,,,,,,,,
69e2eb3772b49e749fed57ae96a86147dde154cb,The Alpha She Chose,Romantasy,235,0.774,233,0.773,0.657,149,0.725,0.611,0.483,11,0.909,0.727,0.636,0.4545,0,,,,,,0,,,,,,,0,,,,,,,,,,,,,,,,,,,,,,,,,,
6c13ac0e01a86e60a2d75bbcee5bb8f9be472700,Fated to You,Romance,38,0.289,38,0.289,0.026,38,0.368,0.079,0.026,34,0.353,0.088,0.059,0,29,0.3793,0.1034,0.069,0,0,29,0.3793,0.1034,0.069,0,0,0,28,0.3929,0.1071,0.0714,0,0,0,0,27,0.4074,0.1111,0.0741,0,0,0,0,0,25,0.44,0.12,0.08,0,0,0,0,0,0
6e9cd8b5ce597e73f12a6a180c18888a89f8aac3,Sovereign Retribution,Drama,274,0.704,232,0.69,0.384,60,0.767,0.617,0.117,10,0.7,0.4,0.2,0.1,2,0.5,0,0,0,0,0,,,,,,,,,,,,,,,,,,,,,,,,,,,,,,,,,
6f82cdfa2792a89aec9172918610c124246ad8bd,Hector's Rise to Power,Drama,8,0.5,8,0.5,0.125,,,,,,,,,,,,,,,,,,,,,,,,,,,,,,,,,,,,,,,,,,,,,,,,,
6f907f1e2ab28d03dcc8246bf380f11b97d00c06,CEO Inherited Bride ,Romance,11,0.545,11,0.545,0.182,11,0.545,0.273,0.091,8,0.5,0.25,0.125,0,6,0.5,0.1667,0.1667,0,0,,,,,,,,,,,,,,,,,,,,,,,,,,,,,,,,,,
71bfacd374965f4c980894477e36ea695b41c609,Bride Who Didn't Want Him,Romance,116,0.629,110,0.618,0.373,2,1,0.5,0.5,0,,,,,,,,,,,,,,,,,,,,,,,,,,,,,,,,,,,,,,,,,,,,
730a3d0d6b094f151aed0a3dff6794a1d2fedee3,Her Beauty Is Reborn,Romance,1185,0.657,1178,0.658,0.409,925,0.745,0.536,0.4,842,0.759,0.602,0.488,0.3919,778,0.7584,0.6003,0.4897,0.3907,0.3201,567,0.7584,0.6102,0.5309,0.4568,0.3527,0.291,472,0.7521,0.6081,0.5297,0.4576,0.3517,0.2839,0.214,392,0.7423,0.5944,0.523,0.4541,0.3444,0.2704,0.1964,0.1556,311,0.7428,0.5916,0.5209,0.4598,0.3505,0.2765,0.1929,0.1543,0.1447
7315dca13e406894d8407cd6d050c5d3b69eec10,The Uncle Who Chose Me,Romance,91,0.593,89,0.596,0.157,7,0.857,0.429,0.143,0,,,,,0,,,,,,,,,,,,,,,,,,,,,,,,,,,,,,,,,,,,,,,
749524eadbd429949b1a44242bd8fb3559f3626c,Monarch of His Shadows,Fantasy,12,0.5,7,0.714,0.143,,,,,,,,,,,,,,,,,,,,,,,,,,,,,,,,,,,,,,,,,,,,,,,,,
75537e31c1c79bdbb6ca1cd286c8e6bcb2697a51,The Story of the CEO and the Heiress,Romance,1858,0.784,1858,0.784,0.51,1855,0.819,0.633,0.457,1850,0.83,0.679,0.533,0.4168,1400,0.8186,0.6814,0.5443,0.4207,0.2707,1149,0.8198,0.6954,0.5927,0.4891,0.3203,0.2341,997,0.8195,0.7001,0.6028,0.5005,0.326,0.2367,0.1665,900,0.8156,0.6922,0.5978,0.5,0.3233,0.2333,0.1656,0.1322,,,,,,,,,,
767e135d338072c6a947db01691ead3f3174c6e1,The Hidden Heir Returns,Drama,1093,0.575,1093,0.575,0.33,1062,0.658,0.44,0.233,1037,0.688,0.484,0.297,0.19,1037,0.6876,0.4841,0.297,0.19,0.1485,1004,0.7022,0.505,0.3396,0.2301,0.1683,0.1315,1004,0.7022,0.505,0.3396,0.2301,0.1683,0.1315,0.1145,1004,0.7022,0.505,0.3396,0.2301,0.1683,0.1315,0.1145,0.1026,1004,0.7022,0.505,0.3396,0.2301,0.1683,0.1315,0.1145,0.1026,0.0976
778663539ccabc8ee781b66d2bf6ff6a7f527163,The Lazuras Engine System,System and Superpower,3,0.333,1,0,0,1,0,0,0,1,0,0,0,0,1,0,0,0,0,0,,,,,,,,,,,,,,,,,,,,,,,,,,,,,,,,,,
7b3a625b0f5bbaa9080a6795b2d70e994716f8a5,Unexpectedly Yours,Romance,3,0.667,1,1,1,,,,,,,,,,,,,,,,,,,,,,,,,,,,,,,,,,,,,,,,,,,,,,,,,
7c9e3c835e58a5ec8e21381910eaaf785ea5ddfc,I Do ... Or Do I? ,Romance,27,0.296,14,0.286,0.214,,,,,,,,,,,,,,,,,,,,,,,,,,,,,,,,,,,,,,,,,,,,,,,,,
7d18c26c9a61af0d543d74280e7328e01a907988,Empire of Love and War,Romance,31,0.29,15,0.333,0.133,2,0,0,0,0,,,,,,,,,,,,,,,,,,,,,,,,,,,,,,,,,,,,,,,,,,,,
7dcd0d4c632448440b17285c811990532a31efec,The Scentless Luna,Romantasy,111,0.577,107,0.598,0.252,104,0.635,0.337,0.106,10,0.9,0.4,0,0,0,,,,,,0,,,,,,,,,,,,,,,,,,,,,,,,,,,,,,,,,
7fb3b080b1ad8976195f7a18e1df497bc23037fa,The Ghostwalker,Suspense or Thriller,47,0.468,0,,,,,,,,,,,,,,,,,,,,,,,,,,,,,,,,,,,,,,,,,,,,,,,,,,,
7fd747e6520471a8653824ad1a2ba2ad33b91835,Evolution Online,Fantasy,4,0.5,4,0.5,0.5,,,,,,,,,,,,,,,,,,,,,,,,,,,,,,,,,,,,,,,,,,,,,,,,,
80e6be6f7d165552c60a2fc7cbf39746d2ab2466,Marked by Him: True Mate,Romantasy,217,0.765,196,0.765,0.408,14,0.5,0.429,0.214,0,,,,,0,,,,,,,,,,,,,,,,,,,,,,,,,,,,,,,,,,,,,,,
820e3a2951adfcd3997c3ea5696cb62bc975f0a0,The Return of Master ,Fantasy,10,0.2,7,0.286,0,,,,,,,,,,,,,,,,,,,,,,,,,,,,,,,,,,,,,,,,,,,,,,,,,
82ff8ba01d1e1fbcea7c734b687b1a9ff858733d,Twin Realms Traveler,System and Superpower,2,1,2,1,1,2,1,1,1,2,1,1,1,1,2,1,1,1,1,1,2,1,1,1,1,1,1,0,,,,,,,,,,,,,,,,,,,,,,,,,,
84289ce4a2b527c3aa47651760eaff877da6adad,Contracted by Love,Romance,91,0.626,91,0.626,0.253,0,,,,0,,,,,0,,,,,,0,,,,,,,,,,,,,,,,,,,,,,,,,,,,,,,,,
87b65acb9b6fcd4bc45f30d46f017fa847a0ce3c,The Wife's Sweet Revenge,Romance,1,1,0,,,,,,,,,,,,,,,,,,,,,,,,,,,,,,,,,,,,,,,,,,,,,,,,,,,
8824fc43e4267c5a0e2b7acff644eae4b8b2222d,Was It Only Lust?,Romance,100,0.34,94,0.351,0.17,2,0.5,0.5,0.5,0,,,,,,,,,,,,,,,,,,,,,,,,,,,,,,,,,,,,,,,,,,,,
8aab13cef66595bf85428c05007cefe16b733ba5,Reborn Heartbeat,Romance,313,0.607,313,0.607,0.364,,,,,,,,,,,,,,,,,,,,,,,,,,,,,,,,,,,,,,,,,,,,,,,,,
8b0fd7aa03d26e2de1586a0fe7c91505431575cc,The Midnight Luna,Romantasy,30,0.667,1,1,0,,,,,,,,,,,,,,,,,,,,,,,,,,,,,,,,,,,,,,,,,,,,,,,,,
8bba1c491698de2d4d33abe2f115e5d666e141b2,Until He Remembers Me,Romance,16,0.5,0,,,,,,,,,,,,,,,,,,,,,,,,,,,,,,,,,,,,,,,,,,,,,,,,,,,
8bcd1b852cfa9d73ac3583317066946ad2b0abf7,Heir to Draconic Dominion,Fantasy,254,0.677,201,0.647,0.398,27,0.778,0.556,0.37,0,,,,,,,,,,,,,,,,,,,,,,,,,,,,,,,,,,,,,,,,,,,,
8e36a60de34dcee5a96156507eb902741b36cc77,It's Crystal,Romance,141,0.489,134,0.485,0.216,104,0.471,0.288,0.192,1,0,0,0,0,0,,,,,,,,,,,,,,,,,,,,,,,,,,,,,,,,,,,,,,,
8e3c4698dede52f8548d10d283645c3e3f83c04a,The Celestial God’s Heir,Fantasy,55,0.527,55,0.527,0.182,0,,,,,,,,,,,,,,,,,,,,,,,,,,,,,,,,,,,,,,,,,,,,,,,,
8f0fa62650413483426bef0ac7d66ca7627ab11f,The Mind Reader: A Son-in-Law’s Revenge,Drama,73,0.534,73,0.534,0.123,73,0.575,0.123,0.068,,,,,,,,,,,,,,,,,,,,,,,,,,,,,,,,,,,,,,,,,,,,,
8f9097f70a41e0a3a637a3eb2b6551e036eb16b7,The Devine Root,Not found,,,,,,,,,,,,,,,,,,,,,,,,,,,,,,,,,,,,,,,,,,,,,,,,,,,,,,
8fc0fc1659f3b419e6fa13d9cb59b0e57bfec096,The Exiled Heir,Drama,1839,0.71,1827,0.71,0.375,1774,0.745,0.495,0.257,1058,0.809,0.614,0.466,0.2741,925,0.8238,0.6303,0.48,0.2995,0.1027,104,0.8558,0.6731,0.5096,0.4038,0.2019,0.1058,,,,,,,,,,,,,,,,,,,,,,,,,,,
9187815245dbab381e06e99b89e34db3f811e066,Billionaire's Pursuit,Romance,11,0.273,6,0.5,0.333,0,,,,,,,,,,,,,,,,,,,,,,,,,,,,,,,,,,,,,,,,,,,,,,,,
91df72ab8ef7c2a2797ba2a98264b6e4037cebc4,The Upgrade Gamer,System and Superpower,20,0.5,18,0.444,0.222,0,,,,0,,,,,,,,,,,,,,,,,,,,,,,,,,,,,,,,,,,,,,,,,,,,
9236a79ea4f06488372a41ebcc7a4f0fbfc7b1c3,King of Mercenaries,Suspense or Thriller,0,,0,,,0,,,,0,,,,,,,,,,,,,,,,,,,,,,,,,,,,,,,,,,,,,,,,,,,,
94d808231f41a64988f80a2739e6a748f1278c28,My Amazing Husband's Life,Drama,10,0.8,10,0.8,0.2,1,0,0,0,1,0,0,0,0,1,0,0,0,0,0,1,0,0,0,0,0,0,0,,,,,,,,0,,,,,,,,,,,,,,,,,,
95cfee76565a1eb0481e08f4f0da75fa4a0cdb74,Revenge Called Athena,Drama,255,0.565,251,0.562,0.311,27,0.593,0.37,0.111,1,1,1,1,1,0,,,,,,0,,,,,,,,,,,,,,,,,,,,,,,,,,,,,,,,,
964c4dbd3e851f0d215e0fc68b9c364303676665,The Governor's Wife,Romance,3,0.333,0,,,,,,,,,,,,,,,,,,,,,,,,,,,,,,,,,,,,,,,,,,,,,,,,,,,
96f6721dc499b730f42b02d86e640d682f4f665d,Last Witch of Swendel,Romantasy,628,0.651,623,0.652,0.443,381,0.74,0.604,0.42,193,0.746,0.658,0.523,0.3731,174,0.7356,0.6379,0.5,0.3621,0.3046,166,0.753,0.6627,0.5241,0.4096,0.3313,0.253,107,0.729,0.6168,0.4766,0.3832,0.2991,0.2243,0.1495,57,0.7544,0.6491,0.5263,0.4211,0.3333,0.2456,0.193,0.1754,24,0.75,0.75,0.6667,0.5833,0.4167,0.25,0.2083,0.1667,0.125
97bf3d3427830d8b1bc0c5929b0c0832cbf02a25,The Miraculous Physician,System and Superpower,2,1,2,1,1,1,1,1,1,0,,,,,0,,,,,,0,,,,,,,0,,,,,,,,0,,,,,,,,,0,,,,,,,,,
97d2593a35303e42da5da630e9d8848fa086fc93,Spying on My Rebel Alpha,Romantasy,204,0.681,57,0.737,0.333,,,,,,,,,,,,,,,,,,,,,,,,,,,,,,,,,,,,,,,,,,,,,,,,,
9897c34ca7143cb319fd56943504e8f8be1550c2,Priced Royal Kiss,Drama,22,0.682,22,0.682,0.318,18,0.667,0.333,0.333,17,0.647,0.353,0.412,0.2941,16,0.6875,0.375,0.4375,0.3125,0.125,15,0.6667,0.3333,0.4,0.2667,0.1333,0,,,,,,,,,,,,,,,,,,,,,,,,,,,
9b25cb8fec3919f6398cf69f6cec44382a44749e,The Immortal's Mark,Romantasy,224,0.625,222,0.631,0.383,183,0.634,0.443,0.311,153,0.654,0.458,0.379,0.183,59,0.7458,0.5763,0.4746,0.339,0.2203,30,0.7,0.5333,0.4,0.3333,0.2667,0.2333,29,0.6897,0.5172,0.3793,0.3448,0.2759,0.2414,0.1379,18,0.5556,0.4444,0.3333,0.3333,0.3333,0.3333,0.1667,0.1667,0,,,,,,,,,
9c5a320e8591b0aad996347bc17f53479097ac00,Dad's a Billionaire,Romance,3,0.667,0,,,,,,,,,,,,,,,,,,,,,,,,,,,,,,,,,,,,,,,,,,,,,,,,,,,
9d3f3024e967ac2c104ada98aa10c481cd0f9e38,The Wrong Mrs. Carter,Romance,8,0.125,7,0.143,0,3,0,0,0,,,,,,,,,,,,,,,,,,,,,,,,,,,,,,,,,,,,,,,,,,,,,
9eb4932b6e7663416bee5ea2d2dd1b2ced5727be,Rise of the God Mage,Fantasy,16,0.563,11,0.455,0.091,,,,,,,,,,,,,,,,,,,,,,,,,,,,,,,,,,,,,,,,,,,,,,,,,
9f288c1b7bcd6e6181338579ca44a178a5b21573,Vows of Blood & Diamonds,Romance,1,1,1,1,0,1,1,0,1,1,1,0,1,1,,,,,,,,,,,,,,,,,,,,,,,,,,,,,,,,,,,,,,,,
a028c06a528d6bc1425340cbedd71880abd4ad2b,Rejected Luna's Secret,Romantasy,0,,0,,,,,,,,,,,,,,,,,,,,,,,,,,,,,,,,,,,,,,,,,,,,,,,,,,,
a09fd281233c0dee7a45d32647f68bb0142a3b96,The Comatose Billionaire,Romance,117,0.453,116,0.457,0.207,101,0.465,0.198,0.139,16,0.375,0.125,0.125,0,,,,,,,,,,,,,,,,,,,,,,,,,,,,,,,,,,,,,,,,
a0f8c5bd5bdb02bdaa499febc39e36611127769b,The Wedding He Stole,Romance,94,0.372,94,0.372,0.074,0,,,,0,,,,,,,,,,,,,,,,,,,,,,,,,,,,,,,,,,,,,,,,,,,,
a20d15b2c087672afecf4c46baa7e9368a4cbb9f,Secrets and Bloodline,Romance,10,0.4,5,0.4,0.2,,,,,,,,,,,,,,,,,,,,,,,,,,,,,,,,,,,,,,,,,,,,,,,,,
a3d40a3745a853e245e802a317e3934318836a28,The Amazing Idiot Man,Drama,91,0.527,86,0.512,0.081,,,,,,,,,,,,,,,,,,,,,,,,,,,,,,,,,,,,,,,,,,,,,,,,,
a48f5e77f994307c8a39968302f28c62b0c654af,Battle Master,Fantasy,0,,0,,,0,,,,0,,,,,0,,,,,,,,,,,,,,,,,,,,,,,,,,,,,,,,,,,,,,,
a4dd4053a025d38e2c0410dbcf348862c41c4c5b,"Twin Betrayal, Enemy Love",Romance,90,0.611,90,0.611,0.444,77,0.545,0.455,0.299,61,0.541,0.426,0.279,0.1803,0,,,,,,0,,,,,,,,,,,,,,,,,,,,,,,,,,,,,,,,,
a58a0944241952550b248f5ed8bc3d2647482fe5,Miraculous Eyes,Drama,96,0.26,90,0.233,0.033,7,0.286,0.143,0,,,,,,,,,,,,,,,,,,,,,,,,,,,,,,,,,,,,,,,,,,,,,
a6268ee1800866a09bab6b47c61f885556992b45,The System Creation: Intergalactic Entry,System and Superpower,1663,0.641,1663,0.641,0.387,1656,0.707,0.476,0.359,1642,0.718,0.523,0.417,0.3325,1642,0.718,0.5225,0.4172,0.3325,0.2814,1632,0.7267,0.5484,0.4553,0.3719,0.3107,0.28,1632,0.7267,0.5484,0.4553,0.3719,0.3107,0.28,0.2518,1632,0.7267,0.5484,0.4553,0.3719,0.3107,0.28,0.2518,0.2273,1632,0.7267,0.5484,0.4553,0.3719,0.3107,0.28,0.2518,0.2273,0.2089
a6f94887cb30090252bc97e34a7a53c7a6555b8d,A Surrogate Bride for a Paralyzed Ceo,Drama,2042,0.647,2042,0.647,0.433,2029,0.732,0.577,0.39,2017,0.75,0.631,0.48,0.3317,2017,0.7496,0.6306,0.4799,0.3317,0.2553,1997,0.7591,0.66,0.5278,0.3936,0.3015,0.2444,1976,0.7601,0.6614,0.5299,0.3963,0.3031,0.246,0.2181,1846,0.7644,0.6701,0.5406,0.4057,0.3072,0.2503,0.2254,0.1939,1786,0.7632,0.6697,0.5426,0.4059,0.3068,0.252,0.2268,0.1988,0.168
a830c3a71510f0594792edb43a5e99b9da02d7e7,Married to a Dying Prince,Romantasy,84,0.738,84,0.738,0.524,77,0.727,0.584,0.312,38,0.579,0.526,0.237,0.1579,6,0.6667,0.6667,0.3333,0.1667,0.1667,0,,,,,,,0,,,,,,,,0,,,,,,,,,,,,,,,,,,
a877c7bd8a3facfb24f79b876674d1437dd52fb5,Dragon System Awakening,System and Superpower,6953,0.626,6904,0.627,0.358,6766,0.689,0.474,0.353,6057,0.716,0.531,0.429,0.3347,5143,0.7258,0.5516,0.446,0.3471,0.2854,4189,0.746,0.5908,0.5008,0.4182,0.3354,0.2948,3444,0.7506,0.6025,0.5131,0.4297,0.3409,0.3017,0.2721,3007,0.7512,0.6056,0.5191,0.435,0.3442,0.3043,0.277,0.2431,2515,0.7499,0.6107,0.5181,0.4302,0.3344,0.2978,0.2751,0.2473,0.2044
a901618b218023453e7ca53e9fa1d9940b094e69,The Devil's New Assistant,Romance,5,0.8,0,,,,,,,,,,,,,,,,,,,,,,,,,,,,,,,,,,,,,,,,,,,,,,,,,,,
a92aaf29dca1833b578f42a2abbcdab8db2ff12e,Bought for the Ice Ceo,Romance,154,0.519,154,0.519,0.143,19,0.579,0.263,0.053,0,,,,,,,,,,,,,,,,,,,,,,,,,,,,,,,,,,,,,,,,,,,,
a978831eb87b7d63024465fa4df9a779feeaaf5a,Extreme Medical Sage,Fantasy,56,0.482,13,0.462,0.077,8,0.5,0.125,0,7,0.571,0.286,0,0,7,0.5714,0.2857,0,0,0,5,0.4,0.4,0.2,0,0,0,5,0.4,0.4,0.2,0,0,0,0,5,0.4,0.4,0.2,0,0,0,0,0,5,0.4,0.4,0.2,0,0,0,0,0,0
a9dd2d51d9347ce1a50ee64d1a38a6c33539ebc1,Billionaires Love Me,Romance,12,0.667,10,0.8,0.3,6,1,0.833,0.5,0,,,,,,,,,,,,,,,,,,,,,,,,,,,,,,,,,,,,,,,,,,,,
aaa698f296d8b031a8ae9b94897fb07edda92f97,A Heart Divided,Romance,37,0.432,37,0.432,0.162,37,0.486,0.189,0.162,,,,,,,,,,,,,,,,,,,,,,,,,,,,,,,,,,,,,,,,,,,,,
aab4996493c32f1ec5e010a7e9b25c3e280e1445,Love Forever,Romance,20,0.35,20,0.35,0.2,20,0.45,0.3,0.15,,,,,,,,,,,,,,,,,,,,,,,,,,,,,,,,,,,,,,,,,,,,,
ab0abb1b032efe35c0bd9be9cb6f80f8738dc1c9,Kaizen Aritoku Rise,System and Superpower,4,0,4,0,0,3,0,0,0,3,0,0,0,0,3,0,0,0,0,0,3,0,0,0,0,0,0,,,,,,,,,,,,,,,,,,,,,,,,,,,
abe99e0d615e9d7ebbf5d941810842cf64a74c6c,"Forgetting You, Lily",Romance,2,0,0,,,0,,,,,,,,,,,,,,,,,,,,,,,,,,,,,,,,,,,,,,,,,,,,,,,,
ac20da1af1ee60dd2020e8ff294c8c9dcf5be7ba,General Drake,Suspense or Thriller,23,0.261,14,0.429,0.214,,,,,,,,,,,,,,,,,,,,,,,,,,,,,,,,,,,,,,,,,,,,,,,,,
ad2e8d85f798bb8f66e9add56b1e29d7018e06fb,Embezzling Simp Funds,System and Superpower,86,0.605,86,0.605,0.395,52,0.654,0.519,0.404,5,0.8,0.8,0.8,0.4,5,0.8,0.8,0.8,0.4,0.4,4,1,1,1,0.5,0.5,0.5,4,1,1,1,0.5,0.5,0.5,0.5,3,1,1,1,0.3333,0.3333,0.3333,0.3333,0.3333,3,1,1,1,0.3333,0.3333,0.3333,0.3333,0.3333,0
ad877b024bb7b2c30b52737ab2d9d8d49cc89f77,The Master at Heart Work ,System and Superpower,31,0.581,29,0.552,0.276,27,0.667,0.407,0.37,25,0.68,0.44,0.4,0.36,24,0.6667,0.4583,0.4167,0.375,0.2917,21,0.7143,0.4762,0.4286,0.4286,0.3333,0.1905,21,0.7143,0.4762,0.4286,0.4286,0.3333,0.1905,0.1905,18,0.6667,0.5556,0.5,0.5,0.3889,0.2222,0.2222,0.1667,13,0.7692,0.6154,0.5385,0.5385,0.3846,0.2308,0.2308,0.1538,0.0769
afc4914ba536580c6c21a79231a73b9e6dc67e1a,Her Cupid Curse,Romance,1,0,0,,,0,,,,,,,,,,,,,,,,,,,,,,,,,,,,,,,,,,,,,,,,,,,,,,,,
b035f182bb6d36439bba21081e89b0cb80ad7d57,Glory After Loss,System and Superpower,47,0.681,40,0.675,0.475,,,,,,,,,,,,,,,,,,,,,,,,,,,,,,,,,,,,,,,,,,,,,,,,,
b0cb1a15751b32389e6dc5643df14e64f65a78e6,Desire of the Billionaire,Romance,2,0,1,0,0,,,,,,,,,,,,,,,,,,,,,,,,,,,,,,,,,,,,,,,,,,,,,,,,,
b164057dc6b8df1ba1289d383220147f237b7dfa,Rush Marriage,Romance,113,0.611,112,0.616,0.348,100,0.61,0.42,0.18,15,0.533,0.6,0.467,0.3333,15,0.5333,0.6,0.4667,0.3333,0.2667,15,0.5333,0.6,0.4667,0.3333,0.2667,0.1333,14,0.5,0.5714,0.4286,0.2857,0.2143,0.1429,0.0714,14,0.5,0.5714,0.4286,0.2857,0.2143,0.1429,0.0714,0,14,0.5,0.5714,0.4286,0.2857,0.2143,0.1429,0.0714,0,0
b26d8e5052a2beb1af4ffc462d31141bb635a5b5,The Revenge Marriage,Romance,150,0.527,144,0.521,0.299,125,0.512,0.344,0.184,114,0.518,0.342,0.228,0.1754,38,0.5526,0.3421,0.2895,0.2632,0.1316,0,,,,,,,0,,,,,,,,0,,,,,,,,,,,,,,,,,,
b2e0e008665e30068057a1556346d5473a8ed579,Legend of Cursed Blood ,Fantasy,24,0.083,23,0.087,0.087,16,0.125,0.125,0,15,0.133,0.133,0,0,13,0.1538,0.1538,0,0,0,10,0.2,0.2,0.1,0,0,0,9,0.2222,0.2222,0.1111,0,0,0,0,6,0.3333,0.3333,0.1667,0,0,0,0,0,5,0.4,0.4,0.2,0,0,0,0,0,0
b4357a596922bd37b47ec2573cd92ac18997c713,Immortal Ascension,System and Superpower,91,0.407,91,0.407,0.088,76,0.421,0.105,0.053,1,0,0,0,0,0,,,,,,,,,,,,,,,,,,,,,,,,,,,,,,,,,,,,,,,
b4ba67822e15bf23c0044676b09f1aeb405d154f,The Twin Affair,Romantasy,924,0.543,924,0.543,0.058,102,0.784,0.657,0.382,,,,,,,,,,,,,,,,,,,,,,,,,,,,,,,,,,,,,,,,,,,,,
b6ceacf9ec08a19cb30826c8277260c2339da0b3,Ruthless Betrayal ,Romance,33,0.152,29,0.172,0.069,,,,,,,,,,,,,,,,,,,,,,,,,,,,,,,,,,,,,,,,,,,,,,,,,
b6dcffd8fcb56899f1036740aa43dcb9b648ffe5,His Zealous Years Ahead,Fantasy,7,0.286,1,0,0,0,,,,0,,,,,0,,,,,,0,,,,,,,0,,,,,,,,0,,,,,,,,,,,,,,,,,,
b7410aeb19f92f7df4ccab821b5a28bfd7d73027,Alpha Regulus,Romantasy,103,0.485,100,0.5,0.34,67,0.537,0.433,0.313,67,0.537,0.448,0.358,0.2836,63,0.5238,0.4444,0.3492,0.3016,0.2063,61,0.5082,0.4262,0.3279,0.2787,0.2459,0.2131,61,0.5082,0.4262,0.3279,0.2787,0.2459,0.2131,0.1967,60,0.5,0.4333,0.3333,0.2833,0.25,0.2167,0.2,0.1667,60,0.5,0.4333,0.3333,0.2833,0.25,0.2167,0.2,0.1667,0.1667
b7e62e1ec65efcef334c2161afd00edf7b5a2b09,Thrones and Passion,Romance,1,0,0,,,0,,,,0,,,,,,,,,,,,,,,,,,,,,,,,,,,,,,,,,,,,,,,,,,,,
ba0633322d2e3b1f5dc385fdef11110ad663eca3,Fated Billionaire Love,Romance,102,0.627,101,0.624,0.218,3,0.333,0.333,0.333,0,,,,,,,,,,,,,,,,,,,,,,,,,,,,,,,,,,,,,,,,,,,,
ba1065d04424754ef65327a97989402f6a123e5a,Yours by Accident,Romance,10,0.6,9,0.556,0.333,9,0.556,0.444,0.222,7,0.714,0.571,0.286,0,7,0.7143,0.5714,0.2857,0,0,6,0.6667,0.6667,0.3333,0,0,0,6,0.6667,0.6667,0.3333,0,0,0,0,5,0.8,0.8,0.4,0,0,0,0,0,2,1,0.5,0.5,0,0,0,0,0,0
ba58c408aae0331f317a27899fb5721783fb73aa,My Chimeric Eater System,Not found,,,,,,,,,,,,,,,,,,,,,,,,,,,,,,,,,,,,,,,,,,,,,,,,,,,,,,
bb2f281964ff5fb7528074b3b2b73409bbf91d2a,My Money Minting System,System and Superpower,44,0.386,33,0.364,0.152,,,,,,,,,,,,,,,,,,,,,,,,,,,,,,,,,,,,,,,,,,,,,,,,,
bb8bdc13e3c19f2845f457b91284273ad6ddf8f2,His Four Little Rascals,Romance,6736,0.731,6727,0.732,0.421,6562,0.797,0.627,0.346,6048,0.809,0.678,0.464,0.3194,5756,0.8085,0.6795,0.4672,0.3211,0.2234,4419,0.8045,0.7013,0.5261,0.4119,0.3046,0.2125,3908,0.8089,0.7106,0.5381,0.4209,0.3114,0.2265,0.1499,3553,0.8103,0.714,0.5412,0.4225,0.311,0.2269,0.1573,0.1182,3193,0.8158,0.7175,0.5402,0.4222,0.3119,0.2277,0.1644,0.1275,0.098
bbaf98e4e43fc8963698d00c4a338957fb765b85,Artifact Spirit System,System and Superpower,802,0.601,384,0.719,0.406,310,0.748,0.523,0.297,120,0.758,0.558,0.358,0.2083,0,,,,,,0,,,,,,,,,,,,,,,,,,,,,,,,,,,,,,,,,
bbfdf49252139aecaf606478dbe29039803604ae,Alchemist of HARRY POTTER,Not found,,,,,,,,,,,,,,,,,,,,,,,,,,,,,,,,,,,,,,,,,,,,,,,,,,,,,,
be6caef02859b458c7e726aab639c65f41c8e1be,Natural Godly Martial Art,Fantasy,26,0.577,11,0.545,0.182,0,,,,0,,,,,,,,,,,,,,,,,,,,,,,,,,,,,,,,,,,,,,,,,,,,
bf3632f1f9e1f3a7b864a989bb8f495a629a43cb,Her Secret Twins,Romance,10613,0.722,10602,0.722,0.417,10482,0.786,0.659,0.403,10020,0.805,0.707,0.561,0.3494,9696,0.805,0.7114,0.5668,0.354,0.2402,9011,0.8067,0.7251,0.6089,0.4668,0.3023,0.2292,8560,0.8061,0.7239,0.6086,0.4685,0.3015,0.231,0.1908,8024,0.8083,0.7251,0.6068,0.468,0.3001,0.2307,0.1943,0.1629,7567,0.8089,0.7262,0.6051,0.4658,0.2992,0.2302,0.1948,0.167,0.1525
c04c6d5eb020135b9855b7b2290092294bd33d99,My Crimson Bite,Romantasy,9,0.778,8,0.75,0.25,,,,,,,,,,,,,,,,,,,,,,,,,,,,,,,,,,,,,,,,,,,,,,,,,
c2045ffb46d0538ca44af5ee011be0b36e81c395,A Marriage of Ashes,Romance,0,,0,,,0,,,,0,,,,,,,,,,,,,,,,,,,,,,,,,,,,,,,,,,,,,,,,,,,,
c4463ba00f6c126612324139644418680a50dd75,Bloodstar,System and Superpower,100,0.42,100,0.42,0.2,1,0,0,0,0,,,,,0,,,,,,0,,,,,,,0,,,,,,,,,,,,,,,,,,,,,,,,,,
c6590012d529ed8d9e5750565fe5d91ddd1144d5,Rise of Charles Atticus,Fantasy,0,,0,,,,,,,,,,,,,,,,,,,,,,,,,,,,,,,,,,,,,,,,,,,,,,,,,,,
c66d5521f195754d722c7e3daab2da20a027dd0c,Ceo's Heartbreaker,Romance,18,0.5,18,0.5,0.278,,,,,,,,,,,,,,,,,,,,,,,,,,,,,,,,,,,,,,,,,,,,,,,,,
c6786de3c05a64c2f4c13acbe0e61d8d4e111aad,Mr. Kane's Reluctant Wife,Romance,135,0.719,120,0.692,0.425,1,0,0,0,0,,,,,,,,,,,,,,,,,,,,,,,,,,,,,,,,,,,,,,,,,,,,
c8219b2f9d80ce631da27b15849041dbb194dc76,The Fire God's Heir,Romantasy,43,0.279,35,0.314,0.143,0,,,,0,,,,,,,,,,,,,,,,,,,,,,,,,,,,,,,,,,,,,,,,,,,,
c9fd6d447c06b151ec4563d30a1e1685e71bd29d,Void Evolution System,Fantasy,87,0.632,87,0.632,0.195,0,,,,0,,,,,0,,,,,,,,,,,,,,,,,,,,,,,,,,,,,,,,,,,,,,,
cae77d999ed2205a1ab04a54470de972ddd8bc69,Atlas of My Heart,Romance,123,0.675,8,0.625,0.5,,,,,,,,,,,,,,,,,,,,,,,,,,,,,,,,,,,,,,,,,,,,,,,,,
cc5ecb3fc21c174557bddcfbc36d821c915d89ed,My Lovely Intruder,Romantasy,2,0.5,2,0.5,0.5,0,,,,0,,,,,0,,,,,,0,,,,,,,,,,,,,,,,,,,,,,,,,,,,,,,,,
cce017649e6098a735e72b5dbfed27f3c95bad78,Between Love and Betrayal,Romance,102,0.765,101,0.762,0.327,14,0.929,0.357,0.357,0,,,,,,,,,,,,,,,,,,,,,,,,,,,,,,,,,,,,,,,,,,,,
cdb3a84d505dbefdca86cae60d3db90f949368f1,Amulet of the Gods,System and Superpower,2892,0.693,2892,0.693,0.399,2606,0.751,0.507,0.288,2307,0.761,0.556,0.375,0.2683,2016,0.7763,0.5729,0.3938,0.2832,0.1984,1286,0.8149,0.6159,0.4541,0.3406,0.2364,0.1104,426,0.831,0.662,0.4789,0.3521,0.2582,0.223,0.1878,325,0.8369,0.6738,0.4892,0.3569,0.2677,0.2277,0.2031,0.1815,265,0.8302,0.6528,0.4792,0.3472,0.283,0.2302,0.2075,0.2,0.166
cec33b3e9f3607e7d8ae32858f0e715a91e937c4,From Squalor to Moneybag,Drama,48,0.354,48,0.354,0.104,47,0.383,0.106,0.085,,,,,,,,,,,,,,,,,,,,,,,,,,,,,,,,,,,,,,,,,,,,,
d2aaef61d998c9f90c2df15eafe1acd784549269,Alpha Braxton,Romantasy,797,0.765,366,0.751,0.415,16,0.813,0.563,0.25,11,0.818,0.545,0.273,0.1818,0,,,,,,,,,,,,,,,,,,,,,,,,,,,,,,,,,,,,,,,
d3866fc3c89b4f6e7425ea92decf796ef97098db,The Billionaire's Twins,Romance,39,0.436,33,0.515,0.242,16,0.438,0.25,0.063,11,0.273,0.091,0.091,0.0909,11,0.2727,0.0909,0.0909,0.0909,0,0,,,,,,,0,,,,,,,,0,,,,,,,,,0,,,,,,,,,
d419897471d8bc8312abf495d27412e669ccf6d0,His Borrowed Wife,Romance,441,0.626,48,0.854,0.438,3,1,1,0.667,,,,,,,,,,,,,,,,,,,,,,,,,,,,,,,,,,,,,,,,,,,,,
d4bf13e8bbfcd2fa5b75aa042e47479d3a06188b,Undead Tamer's Necro Pets,Fantasy,48,0.604,2,0,0,,,,,,,,,,,,,,,,,,,,,,,,,,,,,,,,,,,,,,,,,,,,,,,,,
d687598bacfd959af85400d722a39d5e62aad513,Unexpectedly Mine,Romance,5990,0.621,5990,0.621,0.384,5917,0.702,0.546,0.364,5303,0.72,0.602,0.478,0.3274,5271,0.7204,0.6031,0.479,0.329,0.2694,4909,0.7348,0.6335,0.5353,0.4152,0.331,0.276,4736,0.7356,0.6379,0.5403,0.4191,0.3338,0.2785,0.2031,4478,0.7316,0.6385,0.542,0.4214,0.333,0.2776,0.2097,0.1565,4195,0.7299,0.6412,0.5459,0.4262,0.3333,0.2775,0.2103,0.1595,0.1063
d6ecb3540b1fdba82ccfa1fa9d0dbaa8fe59424c,Among the Undead,Suspense or Thriller,10,0.3,10,0.3,0,4,0.25,0,0,4,0.25,0,0,0,4,0.25,0,0,0,0,3,0.3333,0,0,0,0,0,3,0.3333,0,0,0,0,0,0,3,0.3333,0,0,0,0,0,0,0,3,0.3333,0,0,0,0,0,0,0,0
d71fc923d0820825aefcf4bf75b7743891f7feac,Only One Race,Fantasy,22,0.864,19,0.842,0.474,5,1,0.6,0.4,0,,,,,0,,,,,,,,,,,,,,,,,,,,,,,,,,,,,,,,,,,,,,,
da2b63280d328cd78ef9102ea4f7f131a3ff6369,I Returned for Revenge,Romance,28,0.107,25,0.12,0,8,0,0,0,,,,,,,,,,,,,,,,,,,,,,,,,,,,,,,,,,,,,,,,,,,,,
da5271db73c1f23560f26da633ebffb91df9abd6,Sold to the Alpha King,Romance,4,0.5,0,,,,,,,,,,,,,,,,,,,,,,,,,,,,,,,,,,,,,,,,,,,,,,,,,,,
da8d32c5473daa3dc16575cdcd79a118bb445ffb,Bold Step Against Hoffman,Romance,53,0.396,53,0.396,0.208,12,0.5,0.417,0.5,11,0.545,0.364,0.455,0.5455,8,0.5,0.25,0.375,0.5,0,6,0.6667,0.3333,0.3333,0.5,0,0,6,0.6667,0.3333,0.3333,0.5,0,0,0,6,0.6667,0.3333,0.3333,0.5,0,0,0,0,,,,,,,,,,
daa40d9ff542ace7e27440803ddf4307bbd54bdd,Villain's Harem,Romantasy,87,0.77,80,0.763,0.575,0,,,,,,,,,,,,,,,,,,,,,,,,,,,,,,,,,,,,,,,,,,,,,,,,
db982055d0205f85b154941a9a5fdcae32a88a7c,Re:system - Rebooted,Fantasy,0,,0,,,0,,,,0,,,,,0,,,,,,0,,,,,,,0,,,,,,,,0,,,,,,,,,0,,,,,,,,,
ddcfd794c1c386caa644e2b1d2379bfcd4efb154,Tycoons Love Swindled,Drama,13,0.154,7,0.143,0,4,0,0,0,4,0,0,0,0,3,0,0,0,0,0,,,,,,,,,,,,,,,,,,,,,,,,,,,,,,,,,,
de862851ca66c0ec5a982ecfe58d14472093a185,From Trash to a Legend,System and Superpower,52,0.75,51,0.765,0.373,0,,,,0,,,,,0,,,,,,0,,,,,,,,,,,,,,,,,,,,,,,,,,,,,,,,,
df497806d02c2dcc2e8f8e790fcc3fb9e72f8166,Never Letting You Go,Romance,5,0,5,0,0.2,0,,,,0,,,,,,,,,,,,,,,,,,,,,,,,,,,,,,,,,,,,,,,,,,,,
e0cc4d535444616635b899b0d8d7d34e8dde5fa7,Fated Bond,Romantasy,2189,0.694,2178,0.695,0.472,2156,0.77,0.634,0.451,1800,0.807,0.712,0.596,0.4272,1716,0.8042,0.715,0.5991,0.4341,0.3164,1369,0.8072,0.7443,0.6676,0.5537,0.4383,0.3251,1164,0.805,0.7414,0.6684,0.5584,0.4433,0.3557,0.2354,962,0.7973,0.7308,0.6528,0.5509,0.4407,0.3732,0.2713,0.1663,782,0.7916,0.7238,0.6356,0.5358,0.4322,0.3606,0.2839,0.202,0.0384
e0df7c51c42acc2ebb07fef0853244b617b34a0a,Hunted by the Alpha,Romantasy,311,0.486,214,0.664,0.458,0,,,,,,,,,,,,,,,,,,,,,,,,,,,,,,,,,,,,,,,,,,,,,,,,
e168f716089521f9d1fe95769f273458c64e2ba9,My Young Bodyguard,Drama,44,0.636,43,0.628,0.116,18,0.667,0.167,0.056,,,,,,,,,,,,,,,,,,,,,,,,,,,,,,,,,,,,,,,,,,,,,
e1e025613df0bb24a28711b19cbefdbc254e0c21,The Ceo Hidden Bride,Romance,28,0.571,14,0.429,0.214,0,,,,0,,,,,,,,,,,,,,,,,,,,,,,,,,,,,,,,,,,,,,,,,,,,
e2f077e58449b7e3e415bd16eb5bb755606936b6,Powerless Heir to Throne,System and Superpower,140,0.586,140,0.586,0.286,132,0.568,0.348,0.205,108,0.593,0.37,0.259,0.1852,107,0.5888,0.3645,0.2523,0.1776,0.1308,0,,,,,,,0,,,,,,,,0,,,,,,,,,,,,,,,,,,
e3ea22ad9a736918a7619bfed3abf1f862c9bdb2,The Empress's Cold Return,Drama,95,0.484,93,0.473,0.194,85,0.518,0.212,0.106,0,,,,,,,,,,,,,,,,,,,,,,,,,,,,,,,,,,,,,,,,,,,,
e40505b31ca87f2f6b736e3f18b3e9f46e21cd04,My Dragonic System,System and Superpower,7722,0.71,7419,0.719,0.437,6472,0.779,0.571,0.383,4312,0.808,0.65,0.507,0.3706,3052,0.8152,0.6658,0.5183,0.387,0.2362,935,0.8385,0.7358,0.5882,0.492,0.4,0.2257,0,,,,,,,,,,,,,,,,,,,,,,,,,,
e5b71f4b40481cb15ce33532df56be566352534e,Rewind and Rise,Romantasy,6,0.167,3,0,0,1,0,0,0,,,,,,,,,,,,,,,,,,,,,,,,,,,,,,,,,,,,,,,,,,,,,
e79ceb682265a42fb44c988f861c20672776f19d,Faction of Unity: Wyrmara,Fantasy,3,0.333,3,0.333,0,3,0.333,0,0,,,,,,,,,,,,,,,,,,,,,,,,,,,,,,,,,,,,,,,,,,,,,
e7a3ee79841762542e0eb645666b039c707001f5,Masked Prince's Princess,Romance,159,0.736,149,0.745,0.503,135,0.756,0.63,0.444,41,0.732,0.561,0.463,0.2195,8,0.75,0.5,0.25,0,0,0,,,,,,,,,,,,,,,,,,,,,,,,,,,,,,,,,
e835267a1c9909e759d530cea3d17b5999d86761,Her Lightness System,System and Superpower,29,0.552,29,0.552,0.241,18,0.556,0.333,0.222,,,,,,,,,,,,,,,,,,,,,,,,,,,,,,,,,,,,,,,,,,,,,
e83bb9290a73242b13db9a4453b23f1b0ca9fed0,The Baby He Denied,Romance,701,0.586,529,0.543,0.302,76,0.605,0.276,0.237,5,0.4,0.4,0.2,0.2,5,0.4,0.4,0.2,0.2,0.2,4,0.5,0.5,0.25,0.25,0.25,0.25,0,,,,,,,,0,,,,,,,,,,,,,,,,,,
e8df3cfef87feac45c4c024f9cbd7254cfc15952,Between Wolves and Lies,Romantasy,64,0.359,64,0.359,0.094,62,0.371,0.145,0.032,27,0.407,0.111,0.037,0,27,0.4074,0.1111,0.037,0,0,0,,,,,,,,,,,,,,,,,,,,,,,,,,,,,,,,,
ed37d82285cfdcacdd3008ef7825d877fd575b57,Charade,Fantasy,1,1,1,1,0,0,,,,0,,,,,,,,,,,,,,,,,,,,,,,,,,,,,,,,,,,,,,,,,,,,
ee2e216e3dceba69118e501b055c3b7b9a0335a3,Kyan's System Awakening,Fantasy,729,0.724,722,0.726,0.382,371,0.733,0.485,0.27,194,0.742,0.5,0.33,0.201,191,0.7435,0.5026,0.3298,0.2042,0.1361,0,,,,,,,0,,,,,,,,,,,,,,,,,,,,,,,,,,
ef47552b570f8fc4cc243b88fae469ea12c31df0,Mated to Enemy’s Luna,Romantasy,39,0.385,37,0.405,0.189,32,0.406,0.219,0.094,16,0.313,0.063,0.125,0.0625,16,0.3125,0.0625,0.125,0.0625,0,,,,,,,,,,,,,,,,,,,,,,,,,,,,,,,,,,
efc5ab9117a97ffce6537344dcb0416ed5ff0dc1,Imperial Clan Descends,Drama,4,0.75,4,0.75,0.5,4,0.75,0.5,0.5,4,0.75,0.5,0.5,0.25,,,,,,,,,,,,,,,,,,,,,,,,,,,,,,,,,,,,,,,,
f06451dc56081680609a77b52825c3da76e8ae66,"Her Exit, His Regret",Romance,96,0.521,94,0.532,0.202,85,0.541,0.271,0.153,2,1,0.5,0.5,0.5,0,,,,,,0,,,,,,,,,,,,,,,,,,,,,,,,,,,,,,,,,
f11e794eecc64915145ae97085e04201646abfe3,Almost His Bride ,Romance,7,0.286,6,0.333,0.333,5,0.4,0.4,0,3,0.333,0.333,0,0,,,,,,,,,,,,,,,,,,,,,,,,,,,,,,,,,,,,,,,,
f16d45e2702863e71bf480a3e2490ded19c4cbd9,Supreme Sword Cultivator,Fantasy,60,0.783,46,0.783,0.63,46,0.783,0.652,0.587,43,0.814,0.698,0.628,0.6047,42,0.8333,0.7143,0.6429,0.619,0.4048,33,0.8485,0.7576,0.697,0.6667,0.4242,0.1212,,,,,,,,,,,,,,,,,,,,,,,,,,,
f23c3d5745910e4c7cf490450f5314358a0cec03,When My Ex Returned,Romance,73,0.493,72,0.486,0.292,0,,,,0,,,,,,,,,,,,,,,,,,,,,,,,,,,,,,,,,,,,,,,,,,,,
f2ec53ac7f98813aea65ea59e50f32077fe08707,The Forbidden Kiss,Romance,13,0.462,13,0.462,0.231,10,0.4,0.3,0.1,,,,,,,,,,,,,,,,,,,,,,,,,,,,,,,,,,,,,,,,,,,,,
f32ed59a93a11812f5a5a57e2c663028b1c65f89,Trillionaire Sterling,Fantasy,4049,0.739,4027,0.739,0.474,3254,0.798,0.651,0.45,3162,0.805,0.679,0.552,0.382,2370,0.8063,0.6793,0.5435,0.3966,0.216,1683,0.8039,0.6881,0.5704,0.4831,0.3137,0.1699,893,0.8108,0.692,0.5487,0.4692,0.3046,0.2016,0.0873,283,0.8021,0.682,0.5371,0.4664,0.2933,0.2085,0.1837,0.0813,0,,,,,,,,,
f3b45a9b931b38c0315d82ad645b9e45b513664b,Reborn as a Golblin?!,System and Superpower,4,0.75,4,0.75,0,,,,,,,,,,,,,,,,,,,,,,,,,,,,,,,,,,,,,,,,,,,,,,,,,
f47e2c3c03d765bd054b92de405403a6c90b8d7f,It Was You Mister Cross,Romance,19,0.368,19,0.368,0.053,13,0.385,0.077,0,11,0.364,0.091,0,0,8,0.5,0.125,0,0,0,,,,,,,,,,,,,,,,,,,,,,,,,,,,,,,,,,
f55e0806430f9f979b0bfc889bab608a05d8bb5b,Light of a New World,Sci-Fi,15,0.467,15,0.467,0,15,0.533,0.067,0,14,0.571,0.071,0,0,13,0.5385,0.0769,0,0,0,12,0.5,0.0833,0.0833,0,0,0,12,0.5,0.0833,0.0833,0,0,0,0,12,0.5,0.0833,0.0833,0,0,0,0,0,0,,,,,,,,,
f692474d2ac3ef329a93f72cfedf44bceaced5f1,Kingsley Reigns,Drama,2673,0.597,2673,0.597,0.306,2641,0.694,0.474,0.303,2560,0.71,0.536,0.396,0.3074,2357,0.7051,0.5354,0.3941,0.3042,0.2461,2278,0.7261,0.565,0.4491,0.3731,0.2976,0.248,2034,0.7325,0.5718,0.4558,0.381,0.3033,0.2581,0.2365,1897,0.7306,0.5635,0.447,0.3732,0.292,0.2457,0.2261,0.1908,1697,0.7248,0.5575,0.4396,0.3671,0.2793,0.2316,0.2127,0.1892,0.1461
f6ea1ee253b53b8124a4f7f92ae0a9ef960a044a,Regret of the Ceo,Romance,113,0.345,108,0.343,0.139,89,0.337,0.112,0.045,84,0.345,0.119,0.06,0.0357,82,0.3293,0.0976,0.0488,0.0366,0.0122,0,,,,,,,0,,,,,,,,,,,,,,,,,,,,,,,,,,
fb311a6dd8cd59a51bf680323116bcc5d2798a8e,The Beast Tamer's Legacy,System and Superpower,78,0.526,65,0.585,0.538,,,,,,,,,,,,,,,,,,,,,,,,,,,,,,,,,,,,,,,,,,,,,,,,,
fc599fbc708fd150dfe8d867a18a17fa8b439c84,Anything for Sunny,Drama,17,0.294,17,0.294,0.176,2,0.5,0.5,0.5,,,,,,,,,,,,,,,,,,,,,,,,,,,,,,,,,,,,,,,,,,,,,
fcddd3d14a0e1b1dab1bcb5c11d4aec683fdb598,Rise of Drake Callahan,Drama,13,0.538,5,0.4,0,,,,,,,,,,,,,,,,,,,,,,,,,,,,,,,,,,,,,,,,,,,,,,,,,
fce8fe866ed4c3d213e087a4343996d06bb09af7,The Anderson Rebirth,System and Superpower,186,0.64,153,0.608,0.268,142,0.62,0.338,0.162,0,,,,,,,,,,,,,,,,,,,,,,,,,,,,,,,,,,,,,,,,,,,,
fce99720ddedf66c6e45f23c6876581e0b796f34,Reborn as Serena Whitmore,Romance,46,0.478,40,0.425,0.1,0,,,,,,,,,,,,,,,,,,,,,,,,,,,,,,,,,,,,,,,,,,,,,,,,
fe01aa725eab93a44f707bbab393a9640b0e69db,3 Years Later He Found Me,Romance,76,0.539,76,0.539,0.224,63,0.571,0.27,0.111,0,,,,,,,,,,,,,,,,,,,,,,,,,,,,,,,,,,,,,,,,,,,,
fe218223c3cbc0377d2bb07ad68251723f1b3792,Return of the Gamer God,System and Superpower,357,0.588,216,0.662,0.407,0,,,,,,,,,,,,,,,,,,,,,,,,,,,,,,,,,,,,,,,,,,,,,,,,
fce99720ddedf66c6e45f23c6876581e0b796f34,Reborn as Serena Whitmore,Romance,46,0.478,40,0.425,0.1,0,,,,,,,,,,,,,,,,,,,,,,,,,,,,,,,,,,,,,,,,,,,,,,,,
fe01aa725eab93a44f707bbab393a9640b0e69db,3 Years Later He Found Me,Romance,76,0.539,76,0.539,0.224,63,0.571,0.27,0.111,0,,,,,,,,,,,,,,,,,,,,,,,,,,,,,,,,,,,,,,,,,,,,
fe218223c3cbc0377d2bb07ad68251723f1b3792,Return of the Gamer God,System and Superpower,357,0.588,216,0.662,0.407,0,,,,,,,,,,,,,,,,,,,,,,,,,,,,,,,,,,,,,,,,,,,,,,,,